FullName,TeamName,GridPosition,Position,Status,Year,Round,Location,RainFlag,BestQualiTime,Podium,TrackType,QualiGapToPole,QualiGapNormalized,GridPositionSquared,MidfieldFlag,AvgFinishLast3,PodiumRateLast5
Max Verstappen,Red Bull Racing,1,1,,2023,1,Sakhir,,89.708,1,permanent,0.0,0.0,1,0,10.0,0.15
Sergio Perez,Red Bull Racing,2,2,,2023,1,Sakhir,,89.846,1,permanent,0.13800000000000523,0.15383243411959382,4,0,10.0,0.15
Charles Leclerc,Ferrari,3,19,,2023,1,Sakhir,,90.0,0,permanent,0.2920000000000016,0.3255005127747822,9,0,10.0,0.15
Carlos Sainz,Ferrari,4,4,,2023,1,Sakhir,,90.154,0,permanent,0.44599999999999795,0.49716859142997055,16,0,10.0,0.15
Fernando Alonso,Aston Martin,5,3,,2023,1,Sakhir,,90.336,1,permanent,0.6280000000000001,0.700049048022473,25,0,10.0,0.15
George Russell,Mercedes,6,7,,2023,1,Sakhir,,90.34,0,permanent,0.632000000000005,0.7045079591563796,36,1,10.0,0.15
Lewis Hamilton,Mercedes,7,5,,2023,1,Sakhir,,90.384,0,permanent,0.6760000000000019,0.7535559816292883,49,1,10.0,0.15
Lance Stroll,Aston Martin,8,6,,2023,1,Sakhir,,90.836,0,permanent,1.1280000000000001,1.2574129397601108,64,1,10.0,0.15
Esteban Ocon,Alpine,9,18,,2023,1,Sakhir,,90.914,0,permanent,1.206000000000003,1.3443617068711855,81,1,10.0,0.15
Nico Hulkenberg,Haas F1 Team,10,15,,2023,1,Sakhir,,90.809,0,permanent,1.100999999999999,1.2273152896062771,100,1,10.0,0.15
Lando Norris,McLaren,11,17,,2023,1,Sakhir,,91.381,0,permanent,1.6730000000000018,1.8649395817541377,121,1,10.0,0.15
Valtteri Bottas,Alfa Romeo,12,8,,2023,1,Sakhir,,91.443,0,permanent,1.7349999999999994,1.9340527043296023,144,1,10.0,0.15
Guanyu Zhou,Alfa Romeo,13,16,,2023,1,Sakhir,,91.473,0,permanent,1.7650000000000006,1.9674945378338617,169,0,10.0,0.15
Yuki Tsunoda,AlphaTauri,14,11,,2023,1,Sakhir,,91.4,0,permanent,1.6920000000000073,1.8861194096401739,196,0,10.0,0.15
Alexander Albon,Williams,15,10,,2023,1,Sakhir,,91.461,0,permanent,1.7530000000000001,1.9541178044321577,225,0,10.0,0.15
Logan Sargeant,Williams,16,12,,2023,1,Sakhir,,91.652,0,permanent,1.9440000000000026,2.1670308110759384,256,0,10.0,0.15
Kevin Magnussen,Haas F1 Team,17,13,,2023,1,Sakhir,,91.892,0,permanent,2.1839999999999975,2.4345654791099984,289,0,10.0,0.15
Oscar Piastri,McLaren,18,20,,2023,1,Sakhir,,92.101,0,permanent,2.3930000000000007,2.6675435858563348,324,0,10.0,0.15
Nyck De Vries,AlphaTauri,19,14,,2023,1,Sakhir,,92.121,0,permanent,2.4129999999999967,2.689838141525836,361,0,10.0,0.15
Pierre Gasly,Alpine,20,9,,2023,1,Sakhir,,92.181,0,permanent,2.472999999999999,2.756721808534355,400,0,10.0,0.15
Sergio Perez,Red Bull Racing,1,1,,2023,2,Jeddah,,88.265,1,street,0.0,0.0,1,0,2.0,1.0
Fernando Alonso,Aston Martin,2,3,,2023,2,Jeddah,,88.73,1,street,0.4650000000000034,0.5268226363790895,4,0,3.0,1.0
George Russell,Mercedes,3,4,,2023,2,Jeddah,,88.857,0,street,0.5919999999999987,0.6707075284654153,9,0,7.0,0.0
Carlos Sainz,Ferrari,4,6,,2023,2,Jeddah,,88.931,0,street,0.6659999999999968,0.7545459695235901,16,0,4.0,0.0
Lance Stroll,Aston Martin,5,20,,2023,2,Jeddah,,88.945,0,street,0.6799999999999926,0.7704072962102675,25,0,6.0,0.0
Esteban Ocon,Alpine,6,8,,2023,2,Jeddah,,89.078,0,street,0.8130000000000024,0.921089899733759,36,1,18.0,0.0
Lewis Hamilton,Mercedes,7,5,,2023,2,Jeddah,,89.223,0,street,0.9579999999999984,1.0853679261315339,49,1,5.0,0.0
Oscar Piastri,McLaren,8,15,,2023,2,Jeddah,,89.243,0,street,0.9779999999999944,1.108026964255361,64,1,20.0,0.0
Pierre Gasly,Alpine,9,9,,2023,2,Jeddah,,89.357,0,street,1.0919999999999987,1.2371834815612062,81,1,9.0,0.0
Nico Hulkenberg,Haas F1 Team,10,12,,2023,2,Jeddah,,89.451,0,street,1.1859999999999928,1.3436809607432083,100,1,15.0,0.0
Guanyu Zhou,Alfa Romeo,11,13,,2023,2,Jeddah,,89.461,0,street,1.195999999999998,1.35501047980513,121,1,16.0,0.0
Charles Leclerc,Ferrari,12,7,,2023,2,Jeddah,,88.42,0,street,0.15500000000000114,0.17560754545969653,144,1,19.0,0.0
Kevin Magnussen,Haas F1 Team,13,10,,2023,2,Jeddah,,89.634,0,street,1.3689999999999998,1.5510111595762757,169,0,13.0,0.0
Valtteri Bottas,Alfa Romeo,14,18,,2023,2,Jeddah,,89.668,0,street,1.4030000000000058,1.5895315243867965,196,0,8.0,0.0
Max Verstappen,Red Bull Racing,15,2,,2023,2,Jeddah,,88.761,1,street,0.4959999999999951,0.5619441454710192,225,0,1.0,1.0
Yuki Tsunoda,AlphaTauri,16,11,,2023,2,Jeddah,,89.939,0,street,1.6739999999999924,1.8965614909647,256,0,11.0,0.0
Alexander Albon,Williams,17,19,,2023,2,Jeddah,,89.994,0,street,1.7289999999999992,1.9588738458052448,289,0,10.0,0.0
Nyck De Vries,AlphaTauri,18,14,,2023,2,Jeddah,,90.244,0,street,1.9789999999999992,2.24211182235314,324,0,14.0,0.0
Lando Norris,McLaren,19,17,,2023,2,Jeddah,,90.447,0,street,2.182000000000002,2.472101059310035,361,0,17.0,0.0
Logan Sargeant,Williams,20,16,,2023,2,Jeddah,,128.51,0,street,40.24499999999999,45.595649464680214,400,0,12.0,0.0
Max Verstappen,Red Bull Racing,1,1,,2023,3,Melbourne,,76.732,1,street,0.0,0.0,1,0,1.5,1.0
George Russell,Mercedes,2,18,,2023,3,Melbourne,,76.968,0,street,0.2360000000000042,0.3075639889485537,4,0,5.5,0.0
Lewis Hamilton,Mercedes,3,2,,2023,3,Melbourne,,77.104,1,street,0.3719999999999999,0.48480425376635544,9,0,5.0,0.0
Fernando Alonso,Aston Martin,4,3,,2023,3,Melbourne,,77.139,1,street,0.4069999999999965,0.5304175572121104,16,0,3.0,1.0
Carlos Sainz,Ferrari,5,12,,2023,3,Melbourne,,77.27,0,street,0.5379999999999967,0.7011416358233811,25,0,5.0,0.0
Lance Stroll,Aston Martin,6,4,,2023,3,Melbourne,,77.308,0,street,0.5760000000000076,0.7506646509930768,36,1,13.0,0.0
Charles Leclerc,Ferrari,7,20,,2023,3,Melbourne,,77.369,0,street,0.6370000000000005,0.8301621227128192,49,1,13.0,0.0
Alexander Albon,Williams,8,19,,2023,3,Melbourne,,77.609,0,street,0.8769999999999953,1.1429390606265906,64,1,14.5,0.0
Pierre Gasly,Alpine,9,13,,2023,3,Melbourne,,77.574,0,street,0.8419999999999987,1.0973257571808357,81,1,9.0,0.0
Nico Hulkenberg,Haas F1 Team,10,7,,2023,3,Melbourne,,77.412,0,street,0.6800000000000068,0.8862013240890461,100,1,13.5,0.0
Esteban Ocon,Alpine,11,14,,2023,3,Melbourne,,77.768,0,street,1.0360000000000014,1.350153781994476,121,1,13.0,0.0
Yuki Tsunoda,AlphaTauri,12,10,,2023,3,Melbourne,,78.099,0,street,1.3670000000000044,1.7815253088672318,144,1,11.0,0.0
Lando Norris,McLaren,13,6,,2023,3,Melbourne,,78.119,0,street,1.3870000000000005,1.8075900536933749,169,0,17.0,0.0
Kevin Magnussen,Haas F1 Team,14,17,,2023,3,Melbourne,,78.129,0,street,1.3970000000000056,1.8206224261064556,196,0,11.5,0.0
Nyck De Vries,AlphaTauri,15,15,,2023,3,Melbourne,,78.335,0,street,1.6029999999999944,2.089089297815767,225,0,14.0,0.0
Oscar Piastri,McLaren,16,8,,2023,3,Melbourne,,78.517,0,street,1.7849999999999966,2.326278475733718,256,0,17.5,0.0
Guanyu Zhou,Alfa Romeo,17,9,,2023,3,Melbourne,,78.54,0,street,1.808000000000007,2.3562529322838017,289,0,14.5,0.0
Logan Sargeant,Williams,18,16,,2023,3,Melbourne,,78.557,0,street,1.8250000000000028,2.3784079653860224,324,0,14.0,0.0
Valtteri Bottas,Alfa Romeo,19,11,,2023,3,Melbourne,,78.714,0,street,1.9819999999999993,2.5830162122712808,361,0,13.0,0.0
Sergio Perez,Red Bull Racing,20,5,,2023,3,Melbourne,,83.714,0,street,6.981999999999999,9.09920241880832,400,0,1.5,1.0
Charles Leclerc,Ferrari,1,3,,2023,4,Baku,,100.203,1,street,0.0,0.0,1,0,15.333333333333334,0.0
Max Verstappen,Red Bull Racing,2,2,,2023,4,Baku,,100.391,1,street,0.1880000000000024,0.1876191331596882,4,0,1.3333333333333333,1.0
Sergio Perez,Red Bull Racing,3,1,,2023,4,Baku,,100.495,1,street,0.2920000000000016,0.2914084408650455,9,0,2.6666666666666665,0.6666666666666666
Carlos Sainz,Ferrari,4,5,,2023,4,Baku,,101.016,0,street,0.8130000000000024,0.8113529535043884,16,0,7.333333333333333,0.0
Lewis Hamilton,Mercedes,5,6,,2023,4,Baku,,101.177,0,street,0.9740000000000038,0.9720267856251846,25,0,4.0,0.3333333333333333
Fernando Alonso,Aston Martin,6,4,,2023,4,Baku,,101.253,0,street,1.0499999999999972,1.0478728181790937,36,1,3.0,1.0
Lando Norris,McLaren,7,9,,2023,4,Baku,,101.281,0,street,1.078000000000003,1.075816093330542,49,1,13.333333333333334,0.0
Yuki Tsunoda,AlphaTauri,8,10,,2023,4,Baku,,101.569,0,street,1.3659999999999997,1.3632326377453765,64,1,10.666666666666666,0.0
Lance Stroll,Aston Martin,9,7,,2023,4,Baku,,101.576,0,street,1.3729999999999905,1.370218456533228,81,1,10.0,0.0
Oscar Piastri,McLaren,10,11,,2023,4,Baku,,101.611,0,street,1.4080000000000013,1.405147550472542,100,1,14.333333333333334,0.0
George Russell,Mercedes,11,8,,2023,4,Baku,,101.654,0,street,1.4509999999999934,1.4480604373122496,121,1,9.666666666666666,0.0
Alexander Albon,Williams,12,12,,2023,4,Baku,,101.818,0,street,1.6149999999999949,1.6117281917707005,144,1,16.0,0.0
Valtteri Bottas,Alfa Romeo,13,18,,2023,4,Baku,,102.259,0,street,2.0559999999999974,2.0518347754059234,169,0,12.333333333333334,0.0
Logan Sargeant,Williams,14,16,,2023,4,Baku,,102.242,0,street,2.0390000000000015,2.0348692154925514,196,0,14.666666666666666,0.0
Guanyu Zhou,Alfa Romeo,15,19,,2023,4,Baku,,102.642,0,street,2.438999999999993,2.4340588605131512,225,0,12.666666666666666,0.0
Kevin Magnussen,Haas F1 Team,16,13,,2023,4,Baku,,103.417,0,street,3.2139999999999986,3.2074887977405853,256,0,13.333333333333334,0.0
Pierre Gasly,Alpine,17,14,,2023,4,Baku,,104.853,0,street,4.6499999999999915,4.6405796233645615,289,0,10.333333333333334,0.0
Nyck De Vries,AlphaTauri,18,20,,2023,4,Baku,,115.282,0,street,15.078999999999994,15.04845164316437,324,0,14.333333333333334,0.0
Esteban Ocon,Alpine,19,15,,2023,4,Baku,,101.798,0,street,1.5949999999999989,1.591768709519674,361,0,13.333333333333334,0.0
Nico Hulkenberg,Haas F1 Team,20,17,,2023,4,Baku,,102.755,0,street,2.5519999999999925,2.5468299352314725,400,0,11.333333333333334,0.0
Sergio Perez,Red Bull Racing,1,2,,2023,5,Miami,,86.841,1,street,0.027000000000001023,0.031100974497202092,1,0,2.3333333333333335,0.75
Fernando Alonso,Aston Martin,2,3,,2023,5,Miami,,87.097,1,street,0.28300000000000125,0.32598428824844067,4,0,3.3333333333333335,0.75
Carlos Sainz,Ferrari,3,5,,2023,5,Miami,,87.148,0,street,0.3340000000000032,0.38473057340982236,9,0,7.666666666666667,0.0
Kevin Magnussen,Haas F1 Team,4,10,,2023,5,Miami,,87.673,0,street,0.8590000000000089,0.9894717441887355,16,0,13.333333333333334,0.0
Pierre Gasly,Alpine,5,8,,2023,5,Miami,,87.612,0,street,0.7980000000000018,0.9192065795839403,25,0,12.0,0.0
George Russell,Mercedes,6,4,,2023,5,Miami,,87.743,0,street,0.929000000000002,1.070103900292582,36,1,10.0,0.0
Charles Leclerc,Ferrari,7,7,,2023,5,Miami,,86.964,0,street,0.15000000000000568,0.17278319165112274,49,1,10.0,0.25
Esteban Ocon,Alpine,8,9,,2023,5,Miami,,87.444,0,street,0.6300000000000097,0.7256894049346991,64,1,12.333333333333334,0.0
Max Verstappen,Red Bull Racing,9,1,,2023,5,Miami,,86.814,1,street,0.0,0.0,81,1,1.6666666666666667,1.0
Valtteri Bottas,Alfa Romeo,10,13,,2023,5,Miami,,87.564,0,street,0.75,0.863915958255581,100,1,15.666666666666666,0.0
Alexander Albon,Williams,11,14,,2023,5,Miami,,87.795,0,street,0.9810000000000088,1.1300020733983098,121,1,16.666666666666668,0.0
Nico Hulkenberg,Haas F1 Team,12,15,,2023,5,Miami,,87.903,0,street,1.0890000000000128,1.2544059713871185,144,1,12.0,0.0
Lewis Hamilton,Mercedes,13,6,,2023,5,Miami,,87.846,0,street,1.0320000000000107,1.1887483585596916,169,0,4.333333333333333,0.25
Guanyu Zhou,Alfa Romeo,14,16,,2023,5,Miami,,88.091,0,street,1.277000000000001,1.4709609049231704,196,0,13.666666666666666,0.0
Nyck De Vries,AlphaTauri,15,18,,2023,5,Miami,,88.325,0,street,1.51100000000001,1.740502683898922,225,0,16.333333333333332,0.0
Lando Norris,McLaren,16,17,,2023,5,Miami,,88.394,0,street,1.5800000000000125,1.8199829520584383,256,0,10.666666666666666,0.0
Yuki Tsunoda,AlphaTauri,17,11,,2023,5,Miami,,88.429,0,street,1.615000000000009,1.8602990301103615,289,0,10.333333333333334,0.0
Lance Stroll,Aston Martin,18,12,,2023,5,Miami,,88.476,0,street,1.6620000000000061,1.9144377634943743,324,0,10.333333333333334,0.0
Oscar Piastri,McLaren,19,19,,2023,5,Miami,,88.484,0,street,1.6700000000000017,1.9236528670490958,361,0,11.333333333333334,0.0
Logan Sargeant,Williams,20,20,,2023,5,Miami,,88.577,0,street,1.7630000000000052,2.0307784458727918,400,0,16.0,0.0
Max Verstappen,Red Bull Racing,1,1,,2023,6,Monaco,,71.365,1,street,0.0,0.0,1,0,1.3333333333333333,1.0
Fernando Alonso,Aston Martin,2,2,,2023,6,Monaco,,71.449,1,street,0.08400000000000318,0.11770475723394268,4,0,3.3333333333333335,0.8
Esteban Ocon,Alpine,3,3,,2023,6,Monaco,,71.553,1,street,0.1880000000000024,0.2634344566664365,9,0,12.666666666666666,0.0
Carlos Sainz,Ferrari,4,8,,2023,6,Monaco,,71.63,0,street,0.26500000000000057,0.37133048413087727,16,0,7.333333333333333,0.0
Lewis Hamilton,Mercedes,5,4,,2023,6,Monaco,,71.725,0,street,0.35999999999999943,0.5044489595740201,25,0,4.666666666666667,0.2
Charles Leclerc,Ferrari,6,6,,2023,6,Monaco,,71.471,0,street,0.10600000000000875,0.14853219365236286,36,1,10.0,0.2
Pierre Gasly,Alpine,7,7,,2023,6,Monaco,,71.933,0,street,0.568000000000012,0.7959083584390276,49,1,11.666666666666666,0.0
George Russell,Mercedes,8,5,,2023,6,Monaco,,71.964,0,street,0.5990000000000038,0.839347018846779,64,1,10.0,0.0
Yuki Tsunoda,AlphaTauri,9,15,,2023,6,Monaco,,72.082,0,street,0.7169999999999987,1.0046941778182565,81,1,10.333333333333334,0.0
Lando Norris,McLaren,10,9,,2023,6,Monaco,,72.254,0,street,0.88900000000001,1.2457086807258602,100,1,10.666666666666666,0.0
Oscar Piastri,McLaren,11,10,,2023,6,Monaco,,72.395,0,street,1.0300000000000011,1.4432845232256726,121,1,12.666666666666666,0.0
Nyck De Vries,AlphaTauri,12,12,,2023,6,Monaco,,72.428,0,street,1.0630000000000024,1.4895256778532928,144,1,17.666666666666668,0.0
Alexander Albon,Williams,13,14,,2023,6,Monaco,,72.527,0,street,1.1620000000000061,1.6282491417361538,169,0,15.0,0.0
Lance Stroll,Aston Martin,14,20,,2023,6,Monaco,,72.623,0,street,1.2580000000000098,1.7627688642892312,196,0,7.666666666666667,0.0
Valtteri Bottas,Alfa Romeo,15,11,,2023,6,Monaco,,72.625,0,street,1.2600000000000051,1.7655713585090802,225,0,14.0,0.0
Logan Sargeant,Williams,16,18,,2023,6,Monaco,,73.113,0,street,1.7480000000000047,2.4493799481538634,256,0,17.333333333333332,0.0
Kevin Magnussen,Haas F1 Team,17,19,,2023,6,Monaco,,73.27,0,street,1.9050000000000011,2.669375744412529,289,0,13.333333333333334,0.0
Nico Hulkenberg,Haas F1 Team,18,17,,2023,6,Monaco,,73.279,0,street,1.9140000000000015,2.68198696840188,324,0,13.0,0.0
Guanyu Zhou,Alfa Romeo,19,13,,2023,6,Monaco,,73.523,0,street,2.1580000000000013,3.0238912632242716,361,0,14.666666666666666,0.0
Sergio Perez,Red Bull Racing,20,16,,2023,6,Monaco,,73.85,0,street,2.4849999999999994,3.4820990681706716,400,0,2.6666666666666665,0.8
Max Verstappen,Red Bull Racing,1,1,,2023,7,Barcelona,,72.272,1,permanent,0.0,0.0,1,0,1.3333333333333333,1.0
Carlos Sainz,Ferrari,2,5,,2023,7,Barcelona,,72.734,0,permanent,0.4619999999999891,0.6392517157405206,4,0,6.0,0.0
Lando Norris,McLaren,3,17,,2023,7,Barcelona,,72.776,0,permanent,0.5039999999999907,0.6973655080805715,9,0,11.666666666666666,0.0
Lewis Hamilton,Mercedes,4,2,,2023,7,Barcelona,,72.818,1,permanent,0.5459999999999923,0.7554793004206224,16,0,5.333333333333333,0.2
Lance Stroll,Aston Martin,5,6,,2023,7,Barcelona,,72.994,0,permanent,0.7219999999999942,0.9990037635598769,25,0,13.0,0.0
Esteban Ocon,Alpine,6,8,,2023,7,Barcelona,,73.001,0,permanent,0.7289999999999992,1.0086893956165586,36,1,9.0,0.2
Nico Hulkenberg,Haas F1 Team,7,15,,2023,7,Barcelona,,73.229,0,permanent,0.9569999999999936,1.3241642683196724,49,1,16.333333333333332,0.0
Fernando Alonso,Aston Martin,8,7,,2023,7,Barcelona,,73.098,0,permanent,0.8259999999999934,1.1429045826876154,64,1,3.0,0.8
Oscar Piastri,McLaren,9,13,,2023,7,Barcelona,,73.059,0,permanent,0.7869999999999919,1.0889417755147108,81,1,13.333333333333334,0.0
Pierre Gasly,Alpine,10,10,,2023,7,Barcelona,,72.816,0,permanent,0.5439999999999969,0.7527119769758647,100,1,9.666666666666666,0.0
Sergio Perez,Red Bull Racing,11,4,,2023,7,Barcelona,,73.334,0,permanent,1.0619999999999976,1.4694487491697996,121,1,6.333333333333333,0.6
George Russell,Mercedes,12,3,,2023,7,Barcelona,,73.326,1,permanent,1.0539999999999878,1.458379455390729,144,1,5.666666666666667,0.0
Guanyu Zhou,Alfa Romeo,13,9,,2023,7,Barcelona,,73.521,0,permanent,1.2489999999999952,1.7281934912552512,169,0,16.0,0.0
Nyck De Vries,AlphaTauri,14,14,,2023,7,Barcelona,,73.581,0,permanent,1.3089999999999975,1.811213194598181,196,0,16.666666666666668,0.0
Yuki Tsunoda,AlphaTauri,15,12,,2023,7,Barcelona,,73.862,0,permanent,1.5899999999999892,2.200022138587543,225,0,12.0,0.0
Valtteri Bottas,Alfa Romeo,16,19,,2023,7,Barcelona,,73.977,0,permanent,1.7049999999999983,2.3591432366614984,256,0,14.0,0.0
Kevin Magnussen,Haas F1 Team,17,18,,2023,7,Barcelona,,74.042,0,permanent,1.769999999999996,2.4490812486163325,289,0,14.0,0.0
Alexander Albon,Williams,18,16,,2023,7,Barcelona,,74.063,0,permanent,1.7909999999999968,2.478138144786358,324,0,13.333333333333334,0.0
Charles Leclerc,Ferrari,19,11,,2023,7,Barcelona,,74.079,0,permanent,1.806999999999988,2.5002767323444597,361,0,5.333333333333333,0.2
Logan Sargeant,Williams,20,20,,2023,7,Barcelona,,74.699,0,permanent,2.4269999999999925,3.358147000221375,400,0,18.0,0.0
Max Verstappen,Red Bull Racing,1,1,,2023,8,Montréal,,79.092,1,permanent,0.36700000000000443,0.46617973959987863,1,0,1.0,1.0
Fernando Alonso,Aston Martin,2,2,,2023,8,Montréal,,79.776,1,permanent,1.051000000000002,1.3350269926960967,4,0,4.0,0.6
Lewis Hamilton,Mercedes,3,3,,2023,8,Montréal,,80.426,1,permanent,1.7010000000000076,2.160685932041928,9,0,4.0,0.4
George Russell,Mercedes,4,19,,2023,8,Montréal,,80.098,0,permanent,1.3730000000000047,1.7440457288028006,16,0,4.0,0.2
Nico Hulkenberg,Haas F1 Team,5,15,,2023,8,Montréal,,80.305,0,permanent,1.5800000000000125,2.006986344871404,25,0,15.666666666666666,0.0
Esteban Ocon,Alpine,6,8,,2023,8,Montréal,,80.406,0,permanent,1.6810000000000116,2.135281041600523,36,1,6.666666666666667,0.2
Lando Norris,McLaren,7,13,,2023,8,Montréal,,79.347,0,permanent,0.6219999999999999,0.7900920927278501,49,1,14.333333333333334,0.0
Oscar Piastri,McLaren,8,11,,2023,8,Montréal,,79.659,0,permanent,0.9340000000000117,1.1864083836138606,64,1,14.0,0.0
Alexander Albon,Williams,9,7,,2023,8,Montréal,,78.725,0,permanent,0.0,0.0,81,1,14.666666666666666,0.0
Charles Leclerc,Ferrari,10,4,,2023,8,Montréal,,80.615,0,permanent,1.8900000000000006,2.400762146713243,100,1,8.0,0.2
Carlos Sainz,Ferrari,11,5,,2023,8,Montréal,,79.856,0,permanent,1.1310000000000002,1.4366465544617342,121,1,6.0,0.0
Sergio Perez,Red Bull Racing,12,6,,2023,8,Montréal,,80.959,0,permanent,2.234000000000009,2.8377262623055053,144,1,7.333333333333333,0.4
Kevin Magnussen,Haas F1 Team,13,17,,2023,8,Montréal,,81.678,0,permanent,2.953000000000003,3.7510320736741862,169,0,15.666666666666666,0.0
Valtteri Bottas,Alfa Romeo,14,10,,2023,8,Montréal,,81.821,0,permanent,3.0960000000000036,3.932677040330269,196,0,14.333333333333334,0.0
Pierre Gasly,Alpine,15,12,,2023,8,Montréal,,82.886,0,permanent,4.161000000000001,5.285487456335346,225,0,8.333333333333334,0.0
Lance Stroll,Aston Martin,16,9,,2023,8,Montréal,,81.484,0,permanent,2.7590000000000003,3.5046046363925063,256,0,12.666666666666666,0.0
Nyck De Vries,AlphaTauri,17,18,,2023,8,Montréal,,83.137,0,permanent,4.412000000000006,5.604318831375048,289,0,14.666666666666666,0.0
Logan Sargeant,Williams,18,20,,2023,8,Montréal,,83.337,0,permanent,4.612000000000009,5.858367735789152,324,0,19.333333333333332,0.0
Yuki Tsunoda,AlphaTauri,19,14,,2023,8,Montréal,,82.746,0,permanent,4.021000000000001,5.107653223245476,361,0,12.666666666666666,0.0
Guanyu Zhou,Alfa Romeo,20,16,,2023,8,Montréal,,83.342,0,permanent,4.617000000000004,5.864718958399498,400,0,12.666666666666666,0.0
Max Verstappen,Red Bull Racing,1,1,,2023,9,Spielberg,,64.391,1,permanent,0.0,0.0,1,0,1.0,1.0
Charles Leclerc,Ferrari,2,2,,2023,9,Spielberg,,64.439,1,permanent,0.04799999999998761,0.07454457921136122,4,0,7.0,0.2
Carlos Sainz,Ferrari,3,6,,2023,9,Spielberg,,64.581,0,permanent,0.18999999999999773,0.2950722927117108,9,0,6.0,0.0
Lando Norris,McLaren,4,4,,2023,9,Spielberg,,64.658,0,permanent,0.2669999999999959,0.4146542218632975,16,0,13.0,0.0
Lewis Hamilton,Mercedes,5,8,,2023,9,Spielberg,,64.819,0,permanent,0.42799999999999727,0.6646891646348049,25,0,3.0,0.4
Lance Stroll,Aston Martin,6,9,,2023,9,Spielberg,,64.893,0,permanent,0.5019999999999953,0.7796120575856802,36,1,11.666666666666666,0.0
Fernando Alonso,Aston Martin,7,5,,2023,9,Spielberg,,64.911,0,permanent,0.519999999999996,0.8075662747899488,49,1,3.6666666666666665,0.6
Nico Hulkenberg,Haas F1 Team,8,20,,2023,9,Spielberg,,65.09,0,permanent,0.6989999999999981,1.085555434765725,64,1,15.666666666666666,0.0
Pierre Gasly,Alpine,9,10,,2023,9,Spielberg,,65.17,0,permanent,0.7789999999999964,1.2097964001180233,81,1,9.666666666666666,0.0
Alexander Albon,Williams,10,11,,2023,9,Spielberg,,65.387,0,permanent,0.9959999999999951,1.5468000186361373,100,1,12.333333333333334,0.0
George Russell,Mercedes,11,7,,2023,9,Spielberg,,65.428,0,permanent,1.036999999999992,1.610473513379186,121,1,9.0,0.2
Esteban Ocon,Alpine,12,14,,2023,9,Spielberg,,65.453,0,permanent,1.0619999999999976,1.649298815051789,144,1,6.333333333333333,0.2
Oscar Piastri,McLaren,13,16,,2023,9,Spielberg,,65.605,0,permanent,1.2139999999999986,1.885356649221162,169,0,11.333333333333334,0.0
Valtteri Bottas,Alfa Romeo,14,15,,2023,9,Spielberg,,65.68,0,permanent,1.2890000000000015,2.0018325542389483,196,0,13.333333333333334,0.0
Sergio Perez,Red Bull Racing,15,3,,2023,9,Spielberg,,65.177,1,permanent,0.7860000000000014,1.2206674845863572,225,0,8.666666666666666,0.4
Yuki Tsunoda,AlphaTauri,16,19,,2023,9,Spielberg,,65.784,0,permanent,1.3930000000000007,2.1633458091969384,256,0,13.666666666666666,0.0
Guanyu Zhou,Alfa Romeo,17,12,,2023,9,Spielberg,,65.818,0,permanent,1.4269999999999925,2.2161482194716533,289,0,12.666666666666666,0.0
Logan Sargeant,Williams,18,13,,2023,9,Spielberg,,65.948,0,permanent,1.556999999999988,2.418039788169135,324,0,19.333333333333332,0.0
Kevin Magnussen,Haas F1 Team,19,18,,2023,9,Spielberg,,65.971,0,permanent,1.5799999999999983,2.453759065707938,361,0,18.0,0.0
Nyck De Vries,AlphaTauri,20,17,,2023,9,Spielberg,,65.974,0,permanent,1.5829999999999984,2.4584181019086495,400,0,14.666666666666666,0.0
Max Verstappen,Red Bull Racing,1,1,,2023,10,Silverstone,,86.72,1,permanent,0.0,0.0,1,0,1.0,1.0
Lando Norris,McLaren,2,2,,2023,10,Silverstone,,86.961,1,permanent,0.24099999999999966,0.2779059040590402,4,0,11.333333333333334,0.0
Oscar Piastri,McLaren,3,4,,2023,10,Silverstone,,87.092,0,permanent,0.3719999999999999,0.4289667896678966,9,0,13.333333333333334,0.0
Charles Leclerc,Ferrari,4,9,,2023,10,Silverstone,,87.136,0,permanent,0.4159999999999968,0.47970479704796687,16,0,5.666666666666667,0.2
Carlos Sainz,Ferrari,5,10,,2023,10,Silverstone,,87.148,0,permanent,0.42799999999999727,0.4935424354243511,25,0,5.333333333333333,0.0
George Russell,Mercedes,6,5,,2023,10,Silverstone,,87.155,0,permanent,0.4350000000000023,0.5016143911439142,36,1,9.666666666666666,0.2
Lewis Hamilton,Mercedes,7,3,,2023,10,Silverstone,,87.211,1,permanent,0.49099999999999966,0.5661900369003686,49,1,4.333333333333333,0.4
Alexander Albon,Williams,8,8,,2023,10,Silverstone,,87.53,0,permanent,0.8100000000000023,0.9340405904059067,64,1,11.333333333333334,0.0
Fernando Alonso,Aston Martin,9,7,,2023,10,Silverstone,,87.659,0,permanent,0.9390000000000072,1.0827952029520378,81,1,4.666666666666667,0.6
Pierre Gasly,Alpine,10,18,,2023,10,Silverstone,,87.689,0,permanent,0.9689999999999941,1.117389298892982,100,1,10.666666666666666,0.0
Nico Hulkenberg,Haas F1 Team,11,13,,2023,10,Silverstone,,88.896,0,permanent,2.176000000000002,2.5092250922509245,121,1,16.666666666666668,0.0
Lance Stroll,Aston Martin,12,14,,2023,10,Silverstone,,88.935,0,permanent,2.2150000000000034,2.5541974169741737,144,1,8.0,0.0
Esteban Ocon,Alpine,13,20,,2023,10,Silverstone,,88.956,0,permanent,2.236000000000004,2.5784132841328464,169,0,10.0,0.2
Logan Sargeant,Williams,14,11,,2023,10,Silverstone,,89.031,0,permanent,2.311000000000007,2.664898523985248,196,0,17.666666666666668,0.0
Sergio Perez,Red Bull Racing,15,6,,2023,10,Silverstone,,89.968,0,permanent,3.2480000000000047,3.745387453874544,225,0,4.333333333333333,0.4
Yuki Tsunoda,AlphaTauri,16,16,,2023,10,Silverstone,,90.025,0,permanent,3.305000000000007,3.8111162361623694,256,0,15.0,0.0
Guanyu Zhou,Alfa Romeo,17,15,,2023,10,Silverstone,,90.123,0,permanent,3.403000000000006,3.9241236162361695,289,0,12.333333333333334,0.0
Nyck De Vries,AlphaTauri,18,17,,2023,10,Silverstone,,90.513,0,permanent,3.7930000000000064,4.373846863468643,324,0,16.333333333333332,0.0
Kevin Magnussen,Haas F1 Team,19,19,,2023,10,Silverstone,,92.378,0,permanent,5.658000000000001,6.524446494464946,361,0,17.666666666666668,0.0
Valtteri Bottas,Alfa Romeo,20,12,,2023,10,Silverstone,,89.798,0,permanent,3.078000000000003,3.549354243542439,400,0,14.666666666666666,0.0
Lewis Hamilton,Mercedes,1,4,,2023,11,Budapest,,76.609,0,permanent,0.0,0.0,1,0,4.666666666666667,0.6
Max Verstappen,Red Bull Racing,2,1,,2023,11,Budapest,,76.612,1,permanent,0.0030000000000001137,0.00391598898301781,4,0,1.0,1.0
Lando Norris,McLaren,3,2,,2023,11,Budapest,,76.694,1,permanent,0.08500000000000796,0.1109530211855108,9,0,6.333333333333333,0.2
Oscar Piastri,McLaren,4,5,,2023,11,Budapest,,76.905,0,permanent,0.2960000000000065,0.38637757965775105,16,0,10.333333333333334,0.0
Guanyu Zhou,Alfa Romeo,5,16,,2023,11,Budapest,,76.971,0,permanent,0.362000000000009,0.47252933728414287,25,0,14.333333333333334,0.0
Charles Leclerc,Ferrari,6,7,,2023,11,Budapest,,76.992,0,permanent,0.3830000000000098,0.4999412601652676,36,1,5.0,0.2
Valtteri Bottas,Alfa Romeo,7,12,,2023,11,Budapest,,77.034,0,permanent,0.42500000000001137,0.5547651059275169,49,1,12.333333333333334,0.0
Fernando Alonso,Aston Martin,8,9,,2023,11,Budapest,,77.035,0,permanent,0.42600000000000193,0.5560704355885104,64,1,4.666666666666667,0.4
Sergio Perez,Red Bull Racing,9,3,,2023,11,Budapest,,77.045,1,permanent,0.43600000000000705,0.569123732198576,81,1,5.0,0.2
Nico Hulkenberg,Haas F1 Team,10,14,,2023,11,Budapest,,77.186,0,permanent,0.5770000000000124,0.7531752144004131,100,1,16.0,0.0
Carlos Sainz,Ferrari,11,8,,2023,11,Budapest,,77.703,0,permanent,1.0940000000000083,1.4280306491404513,121,1,7.0,0.0
Esteban Ocon,Alpine,12,19,,2023,11,Budapest,,77.841,0,permanent,1.2319999999999993,1.608166142359252,144,1,14.0,0.2
Daniel Ricciardo,AlphaTauri,13,13,,2023,11,Budapest,,78.002,0,permanent,1.3930000000000007,1.8183242177812018,169,0,10.0,0.15
Lance Stroll,Aston Martin,14,10,,2023,11,Budapest,,78.144,0,permanent,1.5350000000000108,2.003681029644051,196,0,10.666666666666666,0.0
Pierre Gasly,Alpine,15,20,,2023,11,Budapest,,78.217,0,permanent,1.608000000000004,2.0989700948974717,225,0,13.333333333333334,0.0
Alexander Albon,Williams,16,11,,2023,11,Budapest,,78.917,0,permanent,2.308000000000007,3.0127008576015966,256,0,8.666666666666666,0.0
Yuki Tsunoda,AlphaTauri,17,15,,2023,11,Budapest,,78.919,0,permanent,2.3100000000000023,3.015311516923602,289,0,16.333333333333332,0.0
George Russell,Mercedes,18,6,,2023,11,Budapest,,79.027,0,permanent,2.4180000000000064,3.1562871203122436,324,0,10.333333333333334,0.2
Kevin Magnussen,Haas F1 Team,19,17,,2023,11,Budapest,,79.206,0,permanent,2.5970000000000084,3.3899411296323,361,0,18.0,0.0
Logan Sargeant,Williams,20,18,,2023,11,Budapest,,79.248,0,permanent,2.63900000000001,3.4447649753945493,400,0,14.666666666666666,0.0
Charles Leclerc,Ferrari,1,3,,2023,12,Spa-Francorchamps,,106.988,1,permanent,0.8199999999999932,0.7723607866777118,1,0,6.0,0.2
Sergio Perez,Red Bull Racing,2,2,,2023,12,Spa-Francorchamps,,107.045,1,permanent,0.8769999999999953,0.8260492803857992,4,0,4.0,0.4
Lewis Hamilton,Mercedes,3,4,,2023,12,Spa-Francorchamps,,107.087,0,permanent,0.9189999999999969,0.865609223118074,9,0,5.0,0.6
Carlos Sainz,Ferrari,4,19,,2023,12,Spa-Francorchamps,,107.152,0,permanent,0.9839999999999947,0.926832944013257,16,0,8.0,0.0
Oscar Piastri,McLaren,5,20,,2023,12,Spa-Francorchamps,,107.365,0,permanent,1.1969999999999885,1.1274583678697805,25,0,8.333333333333334,0.0
Max Verstappen,Red Bull Racing,6,1,,2023,12,Spa-Francorchamps,,106.168,1,permanent,0.0,0.0,36,1,1.0,1.0
Lando Norris,McLaren,7,7,,2023,12,Spa-Francorchamps,,107.669,0,permanent,1.5009999999999906,1.4137970009795706,49,1,2.6666666666666665,0.4
George Russell,Mercedes,8,6,,2023,12,Spa-Francorchamps,,107.805,0,permanent,1.6370000000000005,1.5418958631602746,64,1,6.0,0.2
Fernando Alonso,Aston Martin,9,5,,2023,12,Spa-Francorchamps,,107.843,0,permanent,1.6749999999999972,1.5776881922989952,81,1,7.0,0.2
Lance Stroll,Aston Martin,10,9,,2023,12,Spa-Francorchamps,,108.841,0,permanent,2.6729999999999876,2.5177077838896724,100,1,11.0,0.0
Yuki Tsunoda,AlphaTauri,11,10,,2023,12,Spa-Francorchamps,,113.148,0,permanent,6.97999999999999,6.5744857207444705,121,1,16.666666666666668,0.0
Pierre Gasly,Alpine,12,11,,2023,12,Spa-Francorchamps,,113.671,0,permanent,7.503,7.067101198101122,144,1,16.0,0.0
Valtteri Bottas,Alfa Romeo,13,12,,2023,12,Spa-Francorchamps,,114.694,0,permanent,8.525999999999996,8.030668374651492,169,0,13.0,0.0
Esteban Ocon,Alpine,14,8,,2023,12,Spa-Francorchamps,,116.372,0,permanent,10.203999999999994,9.61118227714565,196,0,17.666666666666668,0.0
Alexander Albon,Williams,15,14,,2023,12,Spa-Francorchamps,,120.314,0,permanent,14.145999999999987,13.324165473589014,225,0,10.0,0.0
Kevin Magnussen,Haas F1 Team,16,15,,2023,12,Spa-Francorchamps,,114.16,0,permanent,7.99199999999999,7.527691959912581,256,0,18.0,0.0
Guanyu Zhou,Alfa Romeo,17,13,,2023,12,Spa-Francorchamps,,120.832,0,permanent,14.663999999999987,13.81207143395372,289,0,14.333333333333334,0.0
Logan Sargeant,Williams,18,17,,2023,12,Spa-Francorchamps,,121.535,0,permanent,15.36699999999999,14.47422952302011,324,0,14.0,0.0
Daniel Ricciardo,AlphaTauri,19,16,,2023,12,Spa-Francorchamps,,122.159,0,permanent,15.991,15.061977243613894,361,0,13.0,0.0
Nico Hulkenberg,Haas F1 Team,20,18,,2023,12,Spa-Francorchamps,,123.166,0,permanent,16.99799999999999,16.01047396579006,400,0,15.666666666666666,0.0
Kevin Magnussen,Haas F1 Team,0,16,,2023,13,Zandvoort,,82.192,0,permanent,11.625,16.473705839840154,0,0,17.0,0.0
Max Verstappen,Red Bull Racing,1,1,,2023,13,Zandvoort,,70.567,1,permanent,0.0,0.0,1,0,1.0,1.0
Lando Norris,McLaren,2,7,,2023,13,Zandvoort,,71.104,0,permanent,0.5370000000000061,0.7609789278274636,4,0,3.6666666666666665,0.4
George Russell,Mercedes,3,17,,2023,13,Zandvoort,,71.294,0,permanent,0.7270000000000039,1.0302265931667833,9,0,5.666666666666667,0.0
Alexander Albon,Williams,4,8,,2023,13,Zandvoort,,71.419,0,permanent,0.8520000000000039,1.2073632151005482,16,0,11.0,0.0
Fernando Alonso,Aston Martin,5,2,,2023,13,Zandvoort,,71.506,1,permanent,0.9390000000000072,1.3306503039664535,25,0,7.0,0.2
Carlos Sainz,Ferrari,6,5,,2023,13,Zandvoort,,71.754,0,permanent,1.1870000000000118,1.6820893618830501,36,1,12.333333333333334,0.0
Sergio Perez,Red Bull Racing,7,4,,2023,13,Zandvoort,,71.88,0,permanent,1.3130000000000024,1.860643076792272,49,1,3.6666666666666665,0.6
Oscar Piastri,McLaren,8,9,,2023,13,Zandvoort,,71.938,0,permanent,1.3710000000000093,1.9428344693695487,64,1,9.666666666666666,0.0
Charles Leclerc,Ferrari,9,19,,2023,13,Zandvoort,,72.665,0,permanent,2.098000000000013,2.973061062536332,81,1,6.333333333333333,0.4
Logan Sargeant,Williams,10,20,,2023,13,Zandvoort,,76.748,0,permanent,6.181000000000012,8.759051681380834,100,1,15.333333333333334,0.0
Lance Stroll,Aston Martin,11,11,,2023,13,Zandvoort,,80.121,0,permanent,9.554000000000002,13.538906287641536,121,1,11.0,0.0
Pierre Gasly,Alpine,12,3,,2023,13,Zandvoort,,80.128,1,permanent,9.561000000000007,13.548825938469836,144,1,16.333333333333332,0.0
Lewis Hamilton,Mercedes,13,6,,2023,13,Zandvoort,,80.151,0,permanent,9.584000000000003,13.58141907690564,169,0,3.6666666666666665,0.4
Nico Hulkenberg,Haas F1 Team,14,12,,2023,13,Zandvoort,,80.25,0,permanent,9.683000000000007,13.721711281477189,196,0,15.0,0.0
Guanyu Zhou,Alfa Romeo,15,18,,2023,13,Zandvoort,,82.067,0,permanent,11.5,16.29656921790639,225,0,14.666666666666666,0.0
Esteban Ocon,Alpine,16,10,,2023,13,Zandvoort,,82.11,0,permanent,11.543000000000006,16.357504215851613,256,0,15.666666666666666,0.0
Yuki Tsunoda,AlphaTauri,17,15,,2023,13,Zandvoort,,80.23,0,permanent,9.663000000000011,13.693369421967791,289,0,13.666666666666666,0.0
Valtteri Bottas,Alfa Romeo,18,14,,2023,13,Zandvoort,,82.26,0,permanent,11.693000000000012,16.570068162172138,324,0,12.0,0.0
Liam Lawson,AlphaTauri,19,13,,2023,13,Zandvoort,,83.42,0,permanent,12.853000000000009,18.213896013717473,361,0,10.0,0.15
Carlos Sainz,Ferrari,1,3,,2023,14,Monza,,80.294,1,permanent,0.0,0.0,1,0,10.666666666666666,0.0
Max Verstappen,Red Bull Racing,2,1,,2023,14,Monza,,80.307,1,permanent,0.01300000000000523,0.016190499912826898,4,0,1.0,1.0
Charles Leclerc,Ferrari,3,4,,2023,14,Monza,,80.361,0,permanent,0.06700000000000728,0.0834433457045449,9,0,9.666666666666666,0.4
George Russell,Mercedes,4,5,,2023,14,Monza,,80.671,0,permanent,0.37700000000000955,0.4695244974718031,16,0,9.666666666666666,0.0
Sergio Perez,Red Bull Racing,5,2,,2023,14,Monza,,80.688,1,permanent,0.39400000000000546,0.4906966896654862,25,0,3.0,0.6
Alexander Albon,Williams,6,7,,2023,14,Monza,,80.76,0,permanent,0.4660000000000082,0.5803671507211102,36,1,11.0,0.0
Oscar Piastri,McLaren,7,12,,2023,14,Monza,,80.785,0,permanent,0.49099999999999966,0.6115027274765233,49,1,11.333333333333334,0.0
Lewis Hamilton,Mercedes,8,6,,2023,14,Monza,,80.82,0,permanent,0.5259999999999962,0.6550925349341125,64,1,4.666666666666667,0.2
Lando Norris,McLaren,9,8,,2023,14,Monza,,80.979,0,permanent,0.6850000000000023,0.8531148030986155,81,1,5.333333333333333,0.4
Fernando Alonso,Aston Martin,10,9,,2023,14,Monza,,81.417,0,permanent,1.1230000000000047,1.3986101078536437,100,1,5.333333333333333,0.2
Yuki Tsunoda,AlphaTauri,11,20,,2023,14,Monza,,81.594,0,permanent,1.2999999999999972,1.619049991282035,121,1,13.333333333333334,0.0
Liam Lawson,AlphaTauri,12,11,,2023,14,Monza,,81.758,0,permanent,1.4639999999999986,1.823299374797617,144,1,13.0,0.0
Nico Hulkenberg,Haas F1 Team,13,17,,2023,14,Monza,,81.776,0,permanent,1.4819999999999993,1.8457169900615231,169,0,14.666666666666666,0.0
Valtteri Bottas,Alfa Romeo,14,10,,2023,14,Monza,,81.94,0,permanent,1.6460000000000008,2.049966373577105,196,0,12.666666666666666,0.0
Logan Sargeant,Williams,15,13,,2023,14,Monza,,81.93,0,permanent,1.63600000000001,2.037512142874947,225,0,18.333333333333332,0.0
Guanyu Zhou,Alfa Romeo,16,14,,2023,14,Monza,,82.39,0,permanent,2.0960000000000036,2.6104067551747376,256,0,15.666666666666666,0.0
Pierre Gasly,Alpine,17,15,,2023,14,Monza,,82.545,0,permanent,2.2510000000000048,2.8034473310583667,289,0,11.333333333333334,0.2
Esteban Ocon,Alpine,18,19,,2023,14,Monza,,82.548,0,permanent,2.254000000000005,2.807183600269018,324,0,12.333333333333334,0.0
Kevin Magnussen,Haas F1 Team,19,18,,2023,14,Monza,,82.592,0,permanent,2.298000000000002,2.8619822153585597,361,0,16.0,0.0
Lance Stroll,Aston Martin,20,16,,2023,14,Monza,,82.86,0,permanent,2.5660000000000025,3.1957555981767043,400,0,10.0,0.0
Carlos Sainz,Ferrari,1,1,,2023,15,Marina Bay,,90.984,1,street,0.0,0.0,1,0,9.0,0.2
George Russell,Mercedes,2,16,,2023,15,Marina Bay,,91.056,0,street,0.07200000000000273,0.07913479293062817,4,0,9.333333333333334,0.0
Charles Leclerc,Ferrari,3,4,,2023,15,Marina Bay,,91.063,0,street,0.07900000000000773,0.08682845335444445,9,0,8.666666666666666,0.2
Lando Norris,McLaren,4,2,,2023,15,Marina Bay,,91.27,1,street,0.28600000000000136,0.3143409830299848,16,0,7.333333333333333,0.4
Lewis Hamilton,Mercedes,5,3,,2023,15,Marina Bay,,91.485,1,street,0.5010000000000048,0.5506462674756054,25,0,5.333333333333333,0.2
Kevin Magnussen,Haas F1 Team,6,10,,2023,15,Marina Bay,,91.575,0,street,0.5910000000000082,0.6495647586388905,36,1,16.333333333333332,0.0
Fernando Alonso,Aston Martin,7,15,,2023,15,Marina Bay,,91.615,0,street,0.6310000000000002,0.6935285324892291,49,1,5.333333333333333,0.2
Esteban Ocon,Alpine,8,18,,2023,15,Marina Bay,,91.673,0,street,0.6890000000000072,0.7572760045722404,64,1,12.333333333333334,0.0
Nico Hulkenberg,Haas F1 Team,9,13,,2023,15,Marina Bay,,91.808,0,street,0.8240000000000123,0.9056537413171682,81,1,15.666666666666666,0.0
Liam Lawson,AlphaTauri,10,9,,2023,15,Marina Bay,,92.166,0,street,1.1820000000000022,1.2991295172777655,100,1,12.0,0.0
Max Verstappen,Red Bull Racing,11,5,,2023,15,Marina Bay,,92.173,0,street,1.1890000000000072,1.306823177701582,121,1,1.0,1.0
Pierre Gasly,Alpine,12,6,,2023,15,Marina Bay,,92.274,0,street,1.2900000000000063,1.4178317066737078,144,1,9.666666666666666,0.2
Sergio Perez,Red Bull Racing,13,8,,2023,15,Marina Bay,,92.099,0,street,1.115000000000009,1.2254901960784415,169,0,2.6666666666666665,0.6
Alexander Albon,Williams,14,11,,2023,15,Marina Bay,,92.668,0,street,1.6840000000000117,1.850874879099635,196,0,9.666666666666666,0.0
Yuki Tsunoda,AlphaTauri,15,19,,2023,15,Marina Bay,,91.991,0,street,1.007000000000005,1.1067880066824993,225,0,15.0,0.0
Valtteri Bottas,Alfa Romeo,16,17,,2023,15,Marina Bay,,92.809,0,street,1.8250000000000028,2.0058471819220993,256,0,12.0,0.0
Oscar Piastri,McLaren,17,7,,2023,15,Marina Bay,,92.902,0,street,1.9180000000000064,2.108062956124161,289,0,13.666666666666666,0.0
Logan Sargeant,Williams,18,14,,2023,15,Marina Bay,,93.252,0,street,2.2680000000000007,2.4927459773146934,324,0,16.666666666666668,0.0
Guanyu Zhou,Alfa Romeo,19,12,,2023,15,Marina Bay,,93.258,0,street,2.274000000000001,2.499340543392246,361,0,15.0,0.0
Max Verstappen,Red Bull Racing,1,1,,2023,16,Suzuka,,88.877,1,permanent,0.0,0.0,1,0,2.3333333333333335,0.8
Oscar Piastri,McLaren,2,3,,2023,16,Suzuka,,89.458,1,permanent,0.5810000000000031,0.653712434038056,4,0,9.333333333333334,0.0
Lando Norris,McLaren,3,2,,2023,16,Suzuka,,89.493,1,permanent,0.6159999999999997,0.6930927011487783,9,0,5.666666666666667,0.4
Charles Leclerc,Ferrari,4,4,,2023,16,Suzuka,,89.542,0,permanent,0.6650000000000063,0.7482250751038022,16,0,9.0,0.2
Sergio Perez,Red Bull Racing,5,19,,2023,16,Suzuka,,89.65,0,permanent,0.7730000000000103,0.8697413279026187,25,0,4.666666666666667,0.6
Carlos Sainz,Ferrari,6,6,,2023,16,Suzuka,,89.85,0,permanent,0.972999999999999,1.0947714256781835,36,1,3.0,0.4
Lewis Hamilton,Mercedes,7,5,,2023,16,Suzuka,,89.908,0,permanent,1.031000000000006,1.1600301540331086,49,1,5.0,0.2
George Russell,Mercedes,8,7,,2023,16,Suzuka,,90.219,0,permanent,1.3419999999999987,1.5099519560741235,64,1,12.666666666666666,0.0
Yuki Tsunoda,AlphaTauri,9,12,,2023,16,Suzuka,,90.204,0,permanent,1.3269999999999982,1.4930746987409547,81,1,18.0,0.0
Fernando Alonso,Aston Martin,10,8,,2023,16,Suzuka,,90.465,0,permanent,1.588000000000008,1.7867389763380943,100,1,8.666666666666666,0.2
Liam Lawson,AlphaTauri,11,11,,2023,16,Suzuka,,90.425,0,permanent,1.5480000000000018,1.741732956782972,121,1,11.0,0.0
Pierre Gasly,Alpine,12,10,,2023,16,Suzuka,,90.509,0,permanent,1.632000000000005,1.836245597848718,144,1,8.0,0.2
Alexander Albon,Williams,13,16,,2023,16,Suzuka,,90.537,0,permanent,1.6600000000000108,1.8677498115373052,169,0,8.666666666666666,0.0
Esteban Ocon,Alpine,14,9,,2023,16,Suzuka,,90.586,0,permanent,1.7090000000000032,1.9228821854923133,196,0,15.666666666666666,0.0
Kevin Magnussen,Haas F1 Team,15,15,,2023,16,Suzuka,,90.665,0,permanent,1.788000000000011,2.011769074113675,225,0,14.666666666666666,0.0
Valtteri Bottas,Alfa Romeo,16,20,,2023,16,Suzuka,,91.049,0,permanent,2.1720000000000113,2.4438268618427843,256,0,13.666666666666666,0.0
Lance Stroll,Aston Martin,17,18,,2023,16,Suzuka,,91.181,0,permanent,2.304000000000002,2.592346726374655,289,0,12.0,0.0
Nico Hulkenberg,Haas F1 Team,18,14,,2023,16,Suzuka,,91.299,0,permanent,2.4220000000000113,2.725114484062256,324,0,14.0,0.0
Guanyu Zhou,Alfa Romeo,19,13,,2023,16,Suzuka,,91.398,0,permanent,2.521000000000001,2.8365043824611553,361,0,14.666666666666666,0.0
Logan Sargeant,Williams,20,17,,2023,16,Suzuka,,96.398,0,permanent,7.521000000000001,8.462256826850592,400,0,15.666666666666666,0.0
Max Verstappen,Red Bull Racing,1,1,,2023,17,Lusail,,83.778,1,permanent,0.0,0.0,1,0,2.3333333333333335,0.8
George Russell,Mercedes,2,4,,2023,17,Lusail,,84.219,0,permanent,0.4409999999999883,0.5263911766812149,4,0,9.333333333333334,0.0
Lewis Hamilton,Mercedes,3,19,,2023,17,Lusail,,84.305,0,permanent,0.527000000000001,0.6290434242880004,9,0,4.666666666666667,0.2
Fernando Alonso,Aston Martin,4,6,,2023,17,Lusail,,84.369,0,permanent,0.590999999999994,0.705435794600007,16,0,10.666666666666666,0.2
Charles Leclerc,Ferrari,5,5,,2023,17,Lusail,,84.424,0,permanent,0.6460000000000008,0.7710854878369031,25,0,4.0,0.2
Oscar Piastri,McLaren,6,2,,2023,17,Lusail,,84.54,1,permanent,0.7620000000000005,0.9095466590274301,36,1,7.333333333333333,0.2
Pierre Gasly,Alpine,7,12,,2023,17,Lusail,,84.553,0,permanent,0.7749999999999915,0.9250638592470474,49,1,10.333333333333334,0.2
Esteban Ocon,Alpine,8,7,,2023,17,Lusail,,84.763,0,permanent,0.9849999999999994,1.1757263243333564,64,1,15.333333333333334,0.0
Valtteri Bottas,Alfa Romeo,9,8,,2023,17,Lusail,,85.058,0,permanent,1.2800000000000011,1.527847406240303,81,1,15.666666666666666,0.0
Lando Norris,McLaren,10,3,,2023,17,Lusail,,84.685,1,permanent,0.9069999999999965,1.0826231230155847,100,1,4.0,0.4
Yuki Tsunoda,AlphaTauri,11,15,,2023,17,Lusail,,85.301,0,permanent,1.5229999999999961,1.8178996872687294,121,1,17.0,0.0
Carlos Sainz,Ferrari,12,20,,2023,17,Lusail,,85.328,0,permanent,1.5499999999999972,1.8501277184941118,144,1,3.3333333333333335,0.4
Alexander Albon,Williams,13,13,,2023,17,Lusail,,85.707,0,permanent,1.9289999999999878,2.302513786435565,169,0,11.333333333333334,0.0
Nico Hulkenberg,Haas F1 Team,14,16,,2023,17,Lusail,,85.783,0,permanent,2.0049999999999955,2.393229726181092,196,0,14.666666666666666,0.0
Logan Sargeant,Williams,15,18,,2023,17,Lusail,,86.21,0,permanent,2.431999999999988,2.902910071856559,225,0,14.666666666666666,0.0
Lance Stroll,Aston Martin,16,11,,2023,17,Lusail,,86.345,0,permanent,2.566999999999993,3.0640502279834716,256,0,15.0,0.0
Liam Lawson,AlphaTauri,17,17,,2023,17,Lusail,,86.635,0,permanent,2.8569999999999993,3.4102031559597976,289,0,10.333333333333334,0.0
Kevin Magnussen,Haas F1 Team,18,14,,2023,17,Lusail,,87.046,0,permanent,3.2680000000000007,3.900785409057271,324,0,14.333333333333334,0.0
Guanyu Zhou,Alfa Romeo,19,9,,2023,17,Lusail,,87.432,0,permanent,3.6539999999999964,4.361526892501607,361,0,13.0,0.0
Sergio Perez,Red Bull Racing,20,10,,2023,17,Lusail,,85.462,0,permanent,1.6839999999999975,2.010074243834894,400,0,9.666666666666666,0.4
Charles Leclerc,Ferrari,1,20,,2023,18,Austin,,94.723,0,permanent,0.0,0.0,1,0,4.333333333333333,0.0
Lando Norris,McLaren,2,2,,2023,18,Austin,,94.853,1,permanent,0.12999999999999545,0.13724227484348622,4,0,2.3333333333333335,0.6
Lewis Hamilton,Mercedes,3,19,,2023,18,Austin,,94.862,0,permanent,0.1389999999999958,0.1467436631018821,9,0,9.0,0.2
Carlos Sainz,Ferrari,4,3,,2023,18,Austin,,94.945,1,permanent,0.2219999999999942,0.234367577040417,16,0,9.0,0.4
George Russell,Mercedes,5,5,,2023,18,Austin,,95.079,0,permanent,0.35599999999999454,0.37583269110986195,25,0,9.0,0.0
Max Verstappen,Red Bull Racing,6,1,,2023,18,Austin,,95.008,1,permanent,0.2849999999999966,0.30087729484918824,36,1,2.3333333333333335,0.8
Pierre Gasly,Alpine,7,6,,2023,18,Austin,,95.089,0,permanent,0.36599999999999966,0.3863897891747513,49,1,9.333333333333334,0.2
Esteban Ocon,Alpine,8,18,,2023,18,Austin,,95.154,0,permanent,0.4309999999999974,0.4550109265964944,64,1,11.333333333333334,0.0
Sergio Perez,Red Bull Racing,9,4,,2023,18,Austin,,95.173,0,permanent,0.45000000000000284,0.4750694129197796,81,1,12.333333333333334,0.2
Oscar Piastri,McLaren,10,17,,2023,18,Austin,,95.467,0,permanent,0.7439999999999998,0.7854480960273638,100,1,4.0,0.4
Yuki Tsunoda,AlphaTauri,11,8,,2023,18,Austin,,95.697,0,permanent,0.9740000000000038,1.028261351519698,121,1,15.333333333333334,0.0
Guanyu Zhou,Alfa Romeo,12,13,,2023,18,Austin,,95.698,0,permanent,0.9749999999999943,1.0293170613261766,144,1,11.333333333333334,0.0
Valtteri Bottas,Alfa Romeo,13,12,,2023,18,Austin,,95.858,0,permanent,1.1350000000000051,1.1982306303643309,169,0,15.0,0.0
Daniel Ricciardo,AlphaTauri,14,15,,2023,18,Austin,,95.974,0,permanent,1.2510000000000048,1.320692967916984,196,0,14.5,0.0
Alexander Albon,Williams,15,9,,2023,18,Austin,,96.315,0,permanent,1.5919999999999987,1.6806900119295194,225,0,13.333333333333334,0.0
Logan Sargeant,Williams,16,10,,2023,18,Austin,,96.827,0,permanent,2.103999999999999,2.221213432851577,256,0,16.333333333333332,0.0
Kevin Magnussen,Haas F1 Team,17,14,,2023,18,Austin,,95.88,0,permanent,1.1569999999999965,1.2214562461070664,289,0,13.0,0.0
Nico Hulkenberg,Haas F1 Team,18,11,,2023,18,Austin,,96.235,0,permanent,1.5120000000000005,1.5962332274104498,324,0,14.333333333333334,0.0
Fernando Alonso,Aston Martin,19,16,,2023,18,Austin,,96.268,0,permanent,1.5450000000000017,1.6310716510245682,361,0,9.666666666666666,0.2
Lance Stroll,Aston Martin,20,7,,2023,18,Austin,,96.589,0,permanent,1.8659999999999997,1.9699544989073399,400,0,15.0,0.0
Lance Stroll,Aston Martin,0,17,,2023,19,Mexico City,,79.227,0,permanent,2.061000000000007,2.6708654070445625,0,0,12.0,0.0
Charles Leclerc,Ferrari,1,3,,2023,19,Mexico City,,77.166,1,permanent,0.0,0.0,1,0,9.666666666666666,0.0
Carlos Sainz,Ferrari,2,4,,2023,19,Mexico City,,77.233,0,permanent,0.06700000000000728,0.08682580411062811,4,0,9.666666666666666,0.6
Max Verstappen,Red Bull Racing,3,1,,2023,19,Mexico City,,77.263,1,permanent,0.09700000000000841,0.1257030298318021,9,0,1.0,0.8
Daniel Ricciardo,AlphaTauri,4,7,,2023,19,Mexico City,,77.382,0,permanent,0.21600000000000819,0.2799160251924529,16,0,14.666666666666666,0.0
Sergio Perez,Red Bull Racing,5,20,,2023,19,Mexico City,,77.423,0,permanent,0.257000000000005,0.33304823367805125,25,0,11.0,0.2
Lewis Hamilton,Mercedes,6,2,,2023,19,Mexico City,,77.454,1,permanent,0.2879999999999967,0.3732213669232521,36,1,14.333333333333334,0.2
Oscar Piastri,McLaren,7,8,,2023,19,Mexico City,,77.623,0,permanent,0.45700000000000784,0.5922297384858719,49,1,7.333333333333333,0.4
George Russell,Mercedes,8,6,,2023,19,Mexico City,,77.673,0,permanent,0.507000000000005,0.6570251146878224,64,1,5.333333333333333,0.0
Valtteri Bottas,Alfa Romeo,9,15,,2023,19,Mexico City,,78.016,0,permanent,0.8500000000000085,1.101521395433233,81,1,13.333333333333334,0.0
Guanyu Zhou,Alfa Romeo,10,14,,2023,19,Mexico City,,78.05,0,permanent,0.8840000000000003,1.1455822512505514,100,1,11.666666666666666,0.0
Pierre Gasly,Alpine,11,11,,2023,19,Mexico City,,78.521,0,permanent,1.355000000000004,1.7559546950729648,121,1,9.333333333333334,0.0
Nico Hulkenberg,Haas F1 Team,12,13,,2023,19,Mexico City,,78.524,0,permanent,1.358000000000004,1.759842417645082,144,1,13.666666666666666,0.0
Fernando Alonso,Aston Martin,13,18,,2023,19,Mexico City,,78.738,0,permanent,1.5720000000000027,2.037166627789445,169,0,10.0,0.0
Alexander Albon,Williams,14,9,,2023,19,Mexico City,,78.828,0,permanent,1.6620000000000061,2.1537983049529665,196,0,12.666666666666666,0.0
Esteban Ocon,Alpine,15,10,,2023,19,Mexico City,,79.08,0,permanent,1.9140000000000015,2.48036700101081,225,0,11.333333333333334,0.0
Kevin Magnussen,Haas F1 Team,16,19,,2023,19,Mexico City,,79.163,0,permanent,1.9969999999999999,2.587927325506052,256,0,14.333333333333334,0.0
Lando Norris,McLaren,17,5,,2023,19,Mexico City,,81.554,0,permanent,4.388000000000005,5.68644221548351,289,0,2.3333333333333335,0.8
Yuki Tsunoda,AlphaTauri,18,12,,2023,19,Mexico City,,78.89,0,permanent,1.7240000000000038,2.234144571443387,324,0,11.666666666666666,0.0
Logan Sargeant,Williams,19,16,,2023,19,Mexico City,,86.554,0,permanent,9.388000000000005,12.165979835678934,361,0,15.0,0.0
Max Verstappen,Red Bull Racing,1,1,,2023,20,São Paulo,,70.162,1,permanent,0.14100000000000534,0.20136816098028498,1,0,1.0,0.8
Charles Leclerc,Ferrari,2,20,,2023,20,São Paulo,,70.303,0,permanent,0.2819999999999965,0.4027363219605497,4,0,9.333333333333334,0.2
Lance Stroll,Aston Martin,3,5,,2023,20,São Paulo,,70.375,0,permanent,0.3539999999999992,0.5055626169292058,9,0,11.666666666666666,0.0
Fernando Alonso,Aston Martin,4,3,,2023,20,São Paulo,,70.237,1,permanent,0.21599999999999397,0.30847888490594816,16,0,13.333333333333334,0.0
Lewis Hamilton,Mercedes,5,8,,2023,20,São Paulo,,70.266,0,permanent,0.24500000000000455,0.34989503149055934,25,0,13.333333333333334,0.4
Lando Norris,McLaren,6,2,,2023,20,São Paulo,,70.021,1,permanent,0.0,0.0,36,1,3.3333333333333335,0.8
Carlos Sainz,Ferrari,7,6,,2023,20,São Paulo,,70.254,0,permanent,0.2330000000000041,0.33275731566245,49,1,9.0,0.4
George Russell,Mercedes,8,15,,2023,20,São Paulo,,70.316,0,permanent,0.2950000000000017,0.42130218077434156,64,1,5.0,0.0
Sergio Perez,Red Bull Racing,9,4,,2023,20,São Paulo,,70.219,0,permanent,0.1979999999999933,0.2827723111637841,81,1,11.333333333333334,0.0
Oscar Piastri,McLaren,10,14,,2023,20,São Paulo,,70.33,0,permanent,0.3089999999999975,0.4412961825737957,100,1,9.0,0.4
Nico Hulkenberg,Haas F1 Team,11,12,,2023,20,São Paulo,,70.475,0,permanent,0.4539999999999935,0.6483769154967703,121,1,13.333333333333334,0.0
Kevin Magnussen,Haas F1 Team,12,18,,2023,20,São Paulo,,70.602,0,permanent,0.5810000000000031,0.8297510746776012,144,1,15.666666666666666,0.0
Alexander Albon,Williams,13,19,,2023,20,São Paulo,,70.621,0,permanent,0.5999999999999943,0.8568857914054274,169,0,10.333333333333334,0.0
Esteban Ocon,Alpine,14,10,,2023,20,São Paulo,,70.562,0,permanent,0.5409999999999968,0.7726253552505631,196,0,11.666666666666666,0.0
Pierre Gasly,Alpine,15,7,,2023,20,São Paulo,,70.567,0,permanent,0.5459999999999923,0.7797660701789353,225,0,9.666666666666666,0.0
Yuki Tsunoda,AlphaTauri,16,9,,2023,20,São Paulo,,70.837,0,permanent,0.8160000000000025,1.1653646763113958,256,0,11.666666666666666,0.0
Daniel Ricciardo,AlphaTauri,17,13,,2023,20,São Paulo,,70.843,0,permanent,0.8220000000000027,1.1739335342254507,289,0,12.666666666666666,0.0
Valtteri Bottas,Alfa Romeo,18,16,,2023,20,São Paulo,,70.955,0,permanent,0.9339999999999975,1.3338855486211243,324,0,11.666666666666666,0.0
Logan Sargeant,Williams,19,11,,2023,20,São Paulo,,71.035,0,permanent,1.0139999999999958,1.44813698747518,361,0,14.666666666666666,0.0
Guanyu Zhou,Alfa Romeo,20,17,,2023,20,São Paulo,,71.275,0,permanent,1.2540000000000049,1.790891304037367,400,0,12.0,0.0
Charles Leclerc,Ferrari,1,2,,2023,21,Las Vegas,,92.726,1,street,0.0,0.0,1,0,14.333333333333334,0.2
Max Verstappen,Red Bull Racing,2,1,,2023,21,Las Vegas,,93.104,1,street,0.3780000000000001,0.4076526540560362,4,0,1.0,1.0
George Russell,Mercedes,3,8,,2023,21,Las Vegas,,93.112,0,street,0.3859999999999957,0.4162802234540427,9,0,8.666666666666666,0.0
Pierre Gasly,Alpine,4,11,,2023,21,Las Vegas,,93.239,0,street,0.5130000000000052,0.5532428876474832,16,0,8.0,0.0
Alexander Albon,Williams,5,12,,2023,21,Las Vegas,,93.323,0,street,0.5969999999999942,0.6438323663265905,25,0,12.333333333333334,0.0
Logan Sargeant,Williams,6,16,,2023,21,Las Vegas,,93.513,0,street,0.7870000000000061,0.8487371395293727,36,1,12.333333333333334,0.0
Valtteri Bottas,Alfa Romeo,7,17,,2023,21,Las Vegas,,93.525,0,street,0.7990000000000066,0.8616784936263902,49,1,14.333333333333334,0.0
Kevin Magnussen,Haas F1 Team,8,13,,2023,21,Las Vegas,,93.537,0,street,0.811000000000007,0.8746198477234077,64,1,17.0,0.0
Fernando Alonso,Aston Martin,9,9,,2023,21,Las Vegas,,93.555,0,street,0.8290000000000077,0.8940318788689341,81,1,12.333333333333334,0.2
Lewis Hamilton,Mercedes,10,7,,2023,21,Las Vegas,,93.837,0,street,1.1110000000000042,1.19815370014883,100,1,9.666666666666666,0.2
Sergio Perez,Red Bull Racing,11,3,,2023,21,Las Vegas,,93.855,1,street,1.1290000000000049,1.2175657312943564,121,1,9.333333333333334,0.0
Carlos Sainz,Ferrari,12,6,,2023,21,Las Vegas,,92.77,0,street,0.04399999999999693,0.04745163168905909,144,1,4.333333333333333,0.2
Nico Hulkenberg,Haas F1 Team,13,19,,2023,21,Las Vegas,,93.979,0,street,1.2530000000000001,1.351293056963527,169,0,12.0,0.0
Daniel Ricciardo,AlphaTauri,14,14,,2023,21,Las Vegas,,94.308,0,street,1.5820000000000078,1.7061018484567518,196,0,11.666666666666666,0.0
Lando Norris,McLaren,15,20,,2023,21,Las Vegas,,94.703,0,street,1.9770000000000039,2.1320880874835577,225,0,3.0,0.8
Esteban Ocon,Alpine,16,4,,2023,21,Las Vegas,,94.834,0,street,2.108000000000004,2.273364536375994,256,0,12.666666666666666,0.0
Guanyu Zhou,Alfa Romeo,17,15,,2023,21,Las Vegas,,94.849,0,street,2.1230000000000047,2.289541228997266,289,0,14.666666666666666,0.0
Oscar Piastri,McLaren,18,10,,2023,21,Las Vegas,,94.85,0,street,2.1239999999999952,2.290619675172007,324,0,13.0,0.4
Lance Stroll,Aston Martin,19,5,,2023,21,Las Vegas,,94.199,0,street,1.472999999999999,1.588551215408838,361,0,9.666666666666666,0.0
Yuki Tsunoda,AlphaTauri,20,18,,2023,21,Las Vegas,,96.447,0,street,3.7210000000000036,4.012898216250031,400,0,9.666666666666666,0.0
Max Verstappen,Red Bull Racing,1,1,,2023,22,Yas Island,,83.445,1,permanent,0.0,0.0,1,0,1.0,1.0
Charles Leclerc,Ferrari,2,2,,2023,22,Yas Island,,83.584,1,permanent,0.13900000000001,0.16657678710529095,4,0,8.333333333333334,0.4
Oscar Piastri,McLaren,3,6,,2023,22,Yas Island,,83.782,0,permanent,0.3370000000000033,0.40385882916891763,9,0,10.666666666666666,0.2
George Russell,Mercedes,4,3,,2023,22,Yas Island,,83.788,1,permanent,0.3430000000000035,0.4110491940799372,16,0,9.666666666666666,0.0
Lando Norris,McLaren,5,5,,2023,22,Yas Island,,83.816,0,permanent,0.3710000000000093,0.4446042303313672,25,0,9.0,0.6
Yuki Tsunoda,AlphaTauri,6,8,,2023,22,Yas Island,,83.968,0,permanent,0.5230000000000103,0.6267601414105224,36,1,13.0,0.0
Fernando Alonso,Aston Martin,7,7,,2023,22,Yas Island,,84.084,0,permanent,0.63900000000001,0.7657738630235605,49,1,10.0,0.2
Nico Hulkenberg,Haas F1 Team,8,15,,2023,22,Yas Island,,84.108,0,permanent,0.6630000000000109,0.7945353226676385,64,1,14.666666666666666,0.0
Sergio Perez,Red Bull Racing,9,4,,2023,22,Yas Island,,84.116,0,permanent,0.6710000000000065,0.8041224758823255,81,1,9.0,0.2
Pierre Gasly,Alpine,10,13,,2023,22,Yas Island,,84.078,0,permanent,0.6330000000000098,0.758583498112541,100,1,9.666666666666666,0.0
Lewis Hamilton,Mercedes,11,9,,2023,22,Yas Island,,84.359,0,permanent,0.9140000000000015,1.0953322547785984,121,1,5.666666666666667,0.2
Esteban Ocon,Alpine,12,12,,2023,22,Yas Island,,84.391,0,permanent,0.9460000000000122,1.1336808676373806,144,1,8.0,0.0
Lance Stroll,Aston Martin,13,10,,2023,22,Yas Island,,84.405,0,permanent,0.960000000000008,1.1504583857630872,169,0,9.0,0.0
Alexander Albon,Williams,14,14,,2023,22,Yas Island,,84.298,0,permanent,0.8530000000000086,1.0222302115165782,196,0,13.333333333333334,0.0
Daniel Ricciardo,AlphaTauri,15,11,,2023,22,Yas Island,,84.442,0,permanent,0.9969999999999999,1.1947989693810293,225,0,11.333333333333334,0.0
Carlos Sainz,Ferrari,16,18,,2023,22,Yas Island,,84.738,0,permanent,1.2930000000000064,1.5495236383246527,256,0,5.333333333333333,0.2
Kevin Magnussen,Haas F1 Team,17,20,,2023,22,Yas Island,,84.764,0,permanent,1.3190000000000026,1.5806818862723984,289,0,16.666666666666668,0.0
Valtteri Bottas,Alfa Romeo,18,19,,2023,22,Yas Island,,84.788,0,permanent,1.3430000000000035,1.6094433459164763,324,0,16.0,0.0
Guanyu Zhou,Alfa Romeo,19,17,,2023,22,Yas Island,,85.159,0,permanent,1.7140000000000128,2.0540475762478434,361,0,15.333333333333334,0.0
Logan Sargeant,Williams,20,16,,2023,22,Yas Island,,90.159,0,permanent,6.714000000000013,8.04601833543054,400,0,14.333333333333334,0.0
Max Verstappen,Red Bull Racing,1,1,,2024,1,Sakhir,,89.179,1,permanent,0.013999999999995794,0.015701228060332858,1,0,1.0,1.0
Charles Leclerc,Ferrari,2,4,,2024,1,Sakhir,,89.165,0,permanent,0.0,0.0,4,0,8.0,0.6
George Russell,Mercedes,3,5,,2024,1,Sakhir,,89.485,0,permanent,0.3199999999999932,0.35888521280770835,9,0,8.666666666666666,0.2
Carlos Sainz,Ferrari,4,3,,2024,1,Sakhir,,89.507,1,permanent,0.34199999999999875,0.3835585711882451,16,0,10.0,0.2
Sergio Perez,Red Bull Racing,5,2,,2024,1,Sakhir,,89.537,1,permanent,0.3719999999999999,0.41720405988896975,25,0,3.6666666666666665,0.2
Fernando Alonso,Aston Martin,6,9,,2024,1,Sakhir,,89.542,0,permanent,0.37699999999999534,0.42281164133908516,36,1,6.333333333333333,0.2
Lando Norris,McLaren,7,6,,2024,1,Sakhir,,89.614,0,permanent,0.44899999999999807,0.5035608142208244,49,1,9.0,0.4
Oscar Piastri,McLaren,8,8,,2024,1,Sakhir,,89.683,0,permanent,0.5180000000000007,0.5809454382324911,64,1,10.0,0.0
Lewis Hamilton,Mercedes,9,7,,2024,1,Sakhir,,89.71,0,permanent,0.5449999999999875,0.6112263780631273,81,1,8.0,0.2
Nico Hulkenberg,Haas F1 Team,10,16,,2024,1,Sakhir,,89.851,0,permanent,0.6859999999999928,0.7693601749565331,100,1,15.333333333333334,0.0
Yuki Tsunoda,RB,11,14,,2024,1,Sakhir,,90.129,0,permanent,0.9639999999999986,1.081141703583243,121,1,11.666666666666666,0.0
Lance Stroll,Aston Martin,12,10,,2024,1,Sakhir,,89.965,0,permanent,0.7999999999999972,0.8972130320192869,144,1,6.666666666666667,0.0
Alexander Albon,Williams,13,15,,2024,1,Sakhir,,90.221,0,permanent,1.0559999999999974,1.18432120226546,169,0,15.0,0.0
Daniel Ricciardo,RB,14,13,,2024,1,Sakhir,,90.278,0,permanent,1.1129999999999995,1.2482476307968366,196,0,12.666666666666666,0.0
Kevin Magnussen,Haas F1 Team,15,12,,2024,1,Sakhir,,90.529,0,permanent,1.36399999999999,1.5297482195928782,225,0,17.0,0.0
Valtteri Bottas,Kick Sauber,16,19,,2024,1,Sakhir,,90.756,0,permanent,1.590999999999994,1.7843324174283564,256,0,17.333333333333332,0.0
Guanyu Zhou,Kick Sauber,17,11,,2024,1,Sakhir,,90.757,0,permanent,1.5919999999999987,1.7854539337183857,289,0,16.333333333333332,0.0
Logan Sargeant,Williams,18,20,,2024,1,Sakhir,,90.77,0,permanent,1.6049999999999898,1.8000336454886892,324,0,14.333333333333334,0.0
Esteban Ocon,Alpine,19,17,,2024,1,Sakhir,,90.793,0,permanent,1.6280000000000001,1.8258285201592555,361,0,8.666666666666666,0.0
Pierre Gasly,Alpine,20,18,,2024,1,Sakhir,,90.948,0,permanent,1.782999999999987,1.999663545112978,400,0,10.333333333333334,0.0
Max Verstappen,Red Bull Racing,1,1,,2024,2,Jeddah,,87.472,1,street,0.0,0.0,1,0,1.0,1.0
Charles Leclerc,Ferrari,2,3,,2024,2,Jeddah,,87.791,1,street,0.3190000000000026,0.3646881287726388,4,0,2.6666666666666665,0.6
Sergio Perez,Red Bull Racing,3,2,,2024,2,Jeddah,,87.807,1,street,0.33500000000000796,0.3829796963599872,9,0,3.0,0.4
Fernando Alonso,Aston Martin,4,5,,2024,2,Jeddah,,87.846,0,street,0.37400000000000944,0.42756539235413554,16,0,8.333333333333334,0.2
Oscar Piastri,McLaren,5,4,,2024,2,Jeddah,,88.089,0,street,0.6170000000000044,0.7053685750868901,25,0,8.0,0.0
Lando Norris,McLaren,6,8,,2024,2,Jeddah,,88.132,0,street,0.6600000000000108,0.7545271629778796,36,1,10.333333333333334,0.2
George Russell,Mercedes,7,6,,2024,2,Jeddah,,88.316,0,street,0.8440000000000083,0.9648801902323124,49,1,5.333333333333333,0.2
Lewis Hamilton,Mercedes,8,9,,2024,2,Jeddah,,88.46,0,street,0.9879999999999995,1.1295042985183825,64,1,7.666666666666667,0.2
Yuki Tsunoda,RB,9,15,,2024,2,Jeddah,,88.547,0,street,1.0750000000000028,1.2289646972745598,81,1,13.333333333333334,0.0
Lance Stroll,Aston Martin,10,19,,2024,2,Jeddah,,88.25,0,street,0.7780000000000058,0.8894274739345228,100,1,8.333333333333334,0.0
Oliver Bearman,Ferrari,11,7,,2024,2,Jeddah,,88.642,0,street,1.1700000000000017,1.337570879824403,121,1,10.0,0.15
Alexander Albon,Williams,12,11,,2024,2,Jeddah,,88.98,0,street,1.5080000000000098,1.723980245107017,144,1,13.666666666666666,0.0
Kevin Magnussen,Haas F1 Team,13,12,,2024,2,Jeddah,,89.02,0,street,1.5480000000000018,1.7697091640753635,169,0,15.0,0.0
Daniel Ricciardo,RB,14,16,,2024,2,Jeddah,,89.025,0,street,1.5530000000000115,1.775425278946419,196,0,12.666666666666666,0.0
Nico Hulkenberg,Haas F1 Team,15,10,,2024,2,Jeddah,,89.055,0,street,1.5830000000000126,1.809721968172687,225,0,16.666666666666668,0.0
Valtteri Bottas,Kick Sauber,16,17,,2024,2,Jeddah,,89.179,0,street,1.7070000000000078,1.9514816169745839,256,0,18.333333333333332,0.0
Esteban Ocon,Alpine,17,13,,2024,2,Jeddah,,89.475,0,street,2.003,2.2898756173404067,289,0,11.0,0.0
Pierre Gasly,Alpine,18,20,,2024,2,Jeddah,,89.479,0,street,2.007000000000005,2.2944485092372475,324,0,14.0,0.0
Logan Sargeant,Williams,19,14,,2024,2,Jeddah,,89.526,0,street,2.054000000000002,2.348179989025062,361,0,17.333333333333332,0.0
Guanyu Zhou,Kick Sauber,20,18,,2024,2,Jeddah,,94.526,0,street,7.054000000000002,8.064294860069511,400,0,14.333333333333334,0.0
Max Verstappen,Red Bull Racing,1,19,,2024,3,Melbourne,,75.915,0,street,0.0,0.0,1,0,1.0,1.0
Carlos Sainz,Ferrari,2,1,,2024,3,Melbourne,,76.185,1,street,0.269999999999996,0.3556609365737944,4,0,9.0,0.2
Lando Norris,McLaren,3,3,,2024,3,Melbourne,,76.315,1,street,0.3999999999999915,0.5269050912204327,9,0,6.333333333333333,0.2
Charles Leclerc,Ferrari,4,2,,2024,3,Melbourne,,76.304,1,street,0.3889999999999958,0.5124152012118761,16,0,3.0,0.6
Oscar Piastri,McLaren,5,4,,2024,3,Melbourne,,76.572,0,street,0.6569999999999965,0.8654416123295745,25,0,6.0,0.0
Sergio Perez,Red Bull Racing,6,5,,2024,3,Melbourne,,76.274,0,street,0.35899999999999466,0.47289731937034135,36,1,2.6666666666666665,0.6
George Russell,Mercedes,7,17,,2024,3,Melbourne,,76.724,0,street,0.8089999999999975,1.0656655469933445,49,1,4.666666666666667,0.2
Yuki Tsunoda,RB,8,7,,2024,3,Melbourne,,76.788,0,street,0.8729999999999905,1.149970361588606,64,1,12.333333333333334,0.0
Lance Stroll,Aston Martin,9,6,,2024,3,Melbourne,,76.78,0,street,0.8649999999999949,1.1394322597642033,81,1,13.0,0.0
Fernando Alonso,Aston Martin,10,8,,2024,3,Melbourne,,76.71,0,street,0.7949999999999875,1.0472238688006157,100,1,7.0,0.2
Lewis Hamilton,Mercedes,11,18,,2024,3,Melbourne,,76.96,0,street,1.0449999999999875,1.3765395508133933,121,1,8.333333333333334,0.0
Alexander Albon,Williams,12,11,,2024,3,Melbourne,,77.13,0,street,1.2149999999999892,1.600474214582084,144,1,13.333333333333334,0.0
Valtteri Bottas,Kick Sauber,13,14,,2024,3,Melbourne,,77.34,0,street,1.4249999999999972,1.8770993874728275,169,0,18.333333333333332,0.0
Kevin Magnussen,Haas F1 Team,14,10,,2024,3,Melbourne,,77.427,0,street,1.5120000000000005,1.9917012448132785,196,0,14.666666666666666,0.0
Esteban Ocon,Alpine,15,16,,2024,3,Melbourne,,77.617,0,street,1.7019999999999982,2.2419811631429862,225,0,14.0,0.0
Nico Hulkenberg,Haas F1 Team,16,9,,2024,3,Melbourne,,77.976,0,street,2.060999999999993,2.7148784825133276,256,0,13.666666666666666,0.0
Pierre Gasly,Alpine,17,13,,2024,3,Melbourne,,77.982,0,street,2.066999999999993,2.7227820588816347,289,0,17.0,0.0
Daniel Ricciardo,RB,18,12,,2024,3,Melbourne,,78.085,0,street,2.1699999999999875,2.8584601198708914,324,0,13.333333333333334,0.0
Guanyu Zhou,Kick Sauber,19,15,,2024,3,Melbourne,,78.188,0,street,2.272999999999996,2.9941381808601673,361,0,15.333333333333334,0.0
Max Verstappen,Red Bull Racing,1,1,,2024,4,Suzuka,,88.197,1,permanent,0.0,0.0,1,0,7.0,0.8
Sergio Perez,Red Bull Racing,2,2,,2024,4,Suzuka,,88.263,1,permanent,0.0660000000000025,0.07483247729514893,4,0,3.0,0.6
Lando Norris,McLaren,3,5,,2024,4,Suzuka,,88.489,0,permanent,0.2920000000000016,0.3310770207603451,9,0,5.666666666666667,0.2
Carlos Sainz,Ferrari,4,3,,2024,4,Suzuka,,88.682,1,permanent,0.48499999999999943,0.5499053255779669,16,0,7.333333333333333,0.4
Fernando Alonso,Aston Martin,5,6,,2024,4,Suzuka,,88.686,0,permanent,0.4890000000000043,0.5544406272322236,25,0,7.333333333333333,0.0
Oscar Piastri,McLaren,6,8,,2024,4,Suzuka,,88.76,0,permanent,0.5630000000000024,0.6383437078358701,36,1,5.333333333333333,0.0
Lewis Hamilton,Mercedes,7,9,,2024,4,Suzuka,,88.766,0,permanent,0.5690000000000026,0.6451466603172473,49,1,11.333333333333334,0.0
Charles Leclerc,Ferrari,8,4,,2024,4,Suzuka,,88.786,0,permanent,0.5889999999999986,0.6678231685884992,64,1,3.0,0.8
George Russell,Mercedes,9,7,,2024,4,Suzuka,,89.008,0,permanent,0.8109999999999928,0.9195324103994386,81,1,9.333333333333334,0.2
Yuki Tsunoda,RB,10,10,,2024,4,Suzuka,,89.413,0,permanent,1.215999999999994,1.3787317028923818,100,1,12.0,0.0
Daniel Ricciardo,RB,11,19,,2024,4,Suzuka,,89.472,0,permanent,1.2749999999999915,1.4456274022925852,121,1,13.666666666666666,0.0
Nico Hulkenberg,Haas F1 Team,12,11,,2024,4,Suzuka,,89.494,0,permanent,1.296999999999997,1.4705715613909738,144,1,11.666666666666666,0.0
Valtteri Bottas,Kick Sauber,13,14,,2024,4,Suzuka,,89.593,0,permanent,1.3960000000000008,1.582820277333697,169,0,16.666666666666668,0.0
Alexander Albon,Williams,14,20,,2024,4,Suzuka,,89.714,0,permanent,1.516999999999996,1.7200131523747928,196,0,12.333333333333334,0.0
Esteban Ocon,Alpine,15,15,,2024,4,Suzuka,,89.811,0,permanent,1.6140000000000043,1.8299942174903956,225,0,15.333333333333334,0.0
Lance Stroll,Aston Martin,16,12,,2024,4,Suzuka,,90.024,0,permanent,1.8269999999999982,2.071499030579269,256,0,11.666666666666666,0.0
Pierre Gasly,Alpine,17,16,,2024,4,Suzuka,,90.119,0,permanent,1.921999999999997,2.1792124448677357,289,0,17.0,0.0
Kevin Magnussen,Haas F1 Team,18,13,,2024,4,Suzuka,,90.131,0,permanent,1.9339999999999975,2.1928183498304903,324,0,11.333333333333334,0.0
Logan Sargeant,Williams,19,17,,2024,4,Suzuka,,90.139,0,permanent,1.941999999999993,2.2018889531389876,361,0,16.666666666666668,0.0
Guanyu Zhou,Kick Sauber,20,18,,2024,4,Suzuka,,90.143,0,permanent,1.945999999999998,2.2064242547932444,400,0,14.666666666666666,0.0
Max Verstappen,Red Bull Racing,1,1,,2024,5,Shanghai,,93.66,1,permanent,0.0,0.0,1,0,7.0,0.8
Sergio Perez,Red Bull Racing,2,3,,2024,5,Shanghai,,93.982,1,permanent,0.32200000000000273,0.3437967115097189,4,0,3.0,0.6
Fernando Alonso,Aston Martin,3,7,,2024,5,Shanghai,,94.148,0,permanent,0.48799999999999955,0.52103352551783,9,0,6.333333333333333,0.0
Lando Norris,McLaren,4,2,,2024,5,Shanghai,,94.165,1,permanent,0.5050000000000097,0.5391842835789127,16,0,5.333333333333333,0.2
Oscar Piastri,McLaren,5,8,,2024,5,Shanghai,,94.273,0,permanent,0.6129999999999995,0.6544949818492415,25,0,5.333333333333333,0.0
Charles Leclerc,Ferrari,6,4,,2024,5,Shanghai,,94.289,0,permanent,0.6290000000000049,0.6715780482596679,36,1,3.0,0.6
Carlos Sainz,Ferrari,7,5,,2024,5,Shanghai,,94.297,0,permanent,0.6370000000000005,0.6801195814648734,49,1,2.3333333333333335,0.6
George Russell,Mercedes,8,6,,2024,5,Shanghai,,94.433,0,permanent,0.7730000000000103,0.8253256459534597,64,1,10.0,0.2
Nico Hulkenberg,Haas F1 Team,9,10,,2024,5,Shanghai,,94.604,0,permanent,0.9440000000000026,1.0079009182148224,81,1,10.0,0.0
Valtteri Bottas,Kick Sauber,10,20,,2024,5,Shanghai,,94.665,0,permanent,1.0050000000000097,1.0730301089045589,100,1,15.0,0.0
Lance Stroll,Aston Martin,11,15,,2024,5,Shanghai,,94.838,0,permanent,1.1779999999999973,1.257740764467219,121,1,12.333333333333334,0.0
Daniel Ricciardo,RB,12,18,,2024,5,Shanghai,,94.934,0,permanent,1.274000000000001,1.3602391629297468,144,1,15.666666666666666,0.0
Esteban Ocon,Alpine,13,11,,2024,5,Shanghai,,95.223,0,permanent,1.5630000000000024,1.6688020499679719,169,0,14.666666666666666,0.0
Alexander Albon,Williams,14,12,,2024,5,Shanghai,,95.241,0,permanent,1.581000000000003,1.6880204996796957,196,0,14.0,0.0
Pierre Gasly,Alpine,15,13,,2024,5,Shanghai,,95.287,0,permanent,1.6270000000000095,1.7371343156096624,225,0,16.333333333333332,0.0
Guanyu Zhou,Kick Sauber,16,14,,2024,5,Shanghai,,95.505,0,permanent,1.8449999999999989,1.9698910954516324,256,0,17.0,0.0
Kevin Magnussen,Haas F1 Team,17,16,,2024,5,Shanghai,,95.516,0,permanent,1.8560000000000088,1.9816357036088073,289,0,11.666666666666666,0.0
Lewis Hamilton,Mercedes,18,9,,2024,5,Shanghai,,95.573,0,permanent,1.9129999999999967,2.042494127695918,324,0,12.0,0.0
Yuki Tsunoda,RB,19,19,,2024,5,Shanghai,,95.746,0,permanent,2.0859999999999985,2.2272047832585935,361,0,10.666666666666666,0.0
Logan Sargeant,Williams,20,17,,2024,5,Shanghai,,96.358,0,permanent,2.6980000000000075,2.880632073457194,400,0,17.0,0.0
Max Verstappen,Red Bull Racing,1,2,,2024,6,Miami,,87.241,1,street,0.0,0.0,1,0,7.0,0.8
Charles Leclerc,Ferrari,2,3,,2024,6,Miami,,87.382,1,street,0.14100000000000534,0.16162125606080324,4,0,3.3333333333333335,0.4
Carlos Sainz,Ferrari,3,5,,2024,6,Miami,,87.455,0,street,0.21399999999999864,0.24529750919865503,9,0,3.0,0.6
Sergio Perez,Red Bull Racing,4,4,,2024,6,Miami,,87.46,0,street,0.2189999999999941,0.2510287594135717,16,0,3.3333333333333335,0.8
Lando Norris,McLaren,5,1,,2024,6,Miami,,87.594,1,street,0.35299999999999443,0.4046262651734785,25,0,3.3333333333333335,0.4
Oscar Piastri,McLaren,6,13,,2024,6,Miami,,87.675,0,street,0.4339999999999975,0.49747251865521663,36,1,6.666666666666667,0.0
George Russell,Mercedes,7,8,,2024,6,Miami,,88.067,0,street,0.8259999999999934,0.9468025355050875,49,1,10.0,0.0
Lewis Hamilton,Mercedes,8,6,,2024,6,Miami,,87.697,0,street,0.45600000000000307,0.5226900196008792,64,1,12.0,0.0
Nico Hulkenberg,Haas F1 Team,9,11,,2024,6,Miami,,88.146,0,street,0.9050000000000011,1.037356288900862,81,1,10.0,0.0
Yuki Tsunoda,RB,10,7,,2024,6,Miami,,88.167,0,street,0.9260000000000019,1.0614275398035349,100,1,12.0,0.0
Lance Stroll,Aston Martin,11,17,,2024,6,Miami,,88.177,0,street,0.936000000000007,1.0728900402333847,121,1,11.0,0.0
Pierre Gasly,Alpine,12,12,,2024,6,Miami,,87.976,0,street,0.7349999999999994,0.8424937815935162,144,1,14.0,0.0
Esteban Ocon,Alpine,13,10,,2024,6,Miami,,88.209,0,street,0.9680000000000035,1.1095700416088805,169,0,14.0,0.0
Alexander Albon,Williams,14,18,,2024,6,Miami,,88.343,0,street,1.1020000000000039,1.2631675473687873,196,0,14.333333333333334,0.0
Fernando Alonso,Aston Martin,15,9,,2024,6,Miami,,88.427,0,street,1.186000000000007,1.3594525509794788,225,0,7.0,0.0
Valtteri Bottas,Kick Sauber,16,16,,2024,6,Miami,,88.463,0,street,1.2219999999999942,1.4007175525269016,256,0,16.0,0.0
Logan Sargeant,Williams,17,20,,2024,6,Miami,,88.487,0,street,1.2459999999999951,1.4282275535585276,289,0,16.0,0.0
Kevin Magnussen,Haas F1 Team,18,19,,2024,6,Miami,,88.619,0,street,1.3780000000000001,1.5795325592324712,324,0,13.0,0.0
Guanyu Zhou,Kick Sauber,19,14,,2024,6,Miami,,88.824,0,street,1.5829999999999984,1.8145138180442661,361,0,15.666666666666666,0.0
Daniel Ricciardo,RB,20,15,,2024,6,Miami,,88.617,0,street,1.3760000000000048,1.5772400591465077,400,0,16.333333333333332,0.0
Max Verstappen,Red Bull Racing,1,1,,2024,7,Imola,,74.746,1,permanent,0.0,0.0,1,0,1.3333333333333333,0.8
Lando Norris,McLaren,2,2,,2024,7,Imola,,74.837,1,permanent,0.09100000000000819,0.12174564525193078,4,0,2.6666666666666665,0.6
Charles Leclerc,Ferrari,3,3,,2024,7,Imola,,74.97,1,permanent,0.22400000000000375,0.2996815883124231,9,0,3.6666666666666665,0.6
Carlos Sainz,Ferrari,4,5,,2024,7,Imola,,75.233,0,permanent,0.487000000000009,0.6515398817328137,16,0,4.333333333333333,0.6
Oscar Piastri,McLaren,5,4,,2024,7,Imola,,74.82,0,permanent,0.07399999999999807,0.09900195328177838,25,0,9.666666666666666,0.0
George Russell,Mercedes,6,7,,2024,7,Imola,,75.234,0,permanent,0.48799999999999955,0.6528777459663387,36,1,7.0,0.0
Yuki Tsunoda,RB,7,10,,2024,7,Imola,,75.358,0,permanent,0.612000000000009,0.8187729109250114,49,1,12.0,0.0
Lewis Hamilton,Mercedes,8,6,,2024,7,Imola,,75.504,0,permanent,0.7580000000000098,1.0141010890214992,64,1,8.0,0.0
Daniel Ricciardo,RB,9,13,,2024,7,Imola,,75.674,0,permanent,0.9280000000000115,1.2415380087228902,81,1,17.333333333333332,0.0
Nico Hulkenberg,Haas F1 Team,10,11,,2024,7,Imola,,75.569,0,permanent,0.8230000000000075,1.101062264201439,100,1,10.666666666666666,0.0
Sergio Perez,Red Bull Racing,11,8,,2024,7,Imola,,75.706,0,permanent,0.960000000000008,1.284349664196088,121,1,3.0,0.6
Esteban Ocon,Alpine,12,14,,2024,7,Imola,,75.906,0,permanent,1.1600000000000108,1.5519225109036079,144,1,12.0,0.0
Lance Stroll,Aston Martin,13,9,,2024,7,Imola,,75.992,0,permanent,1.2460000000000093,1.666978834987838,169,0,14.666666666666666,0.0
Alexander Albon,Williams,14,20,,2024,7,Imola,,76.2,0,permanent,1.4540000000000077,1.9452545955636527,196,0,16.666666666666668,0.0
Pierre Gasly,Alpine,15,16,,2024,7,Imola,,76.015,0,permanent,1.2690000000000055,1.6977497123591971,225,0,13.666666666666666,0.0
Valtteri Bottas,Kick Sauber,16,18,,2024,7,Imola,,76.626,0,permanent,1.8800000000000097,2.5151847590506646,256,0,16.666666666666668,0.0
Guanyu Zhou,Kick Sauber,17,15,,2024,7,Imola,,76.834,0,permanent,2.088000000000008,2.7934605196264792,289,0,15.333333333333334,0.0
Kevin Magnussen,Haas F1 Team,18,12,,2024,7,Imola,,76.854,0,permanent,2.108000000000004,2.8202178042972257,324,0,16.0,0.0
Logan Sargeant,Williams,19,17,,2024,7,Imola,,81.917,0,permanent,7.1710000000000065,9.593824418697999,361,0,18.0,0.0
Fernando Alonso,Aston Martin,20,19,,2024,7,Imola,,76.917,0,permanent,2.1710000000000065,2.9045032510100963,400,0,7.333333333333333,0.0
Charles Leclerc,Ferrari,1,1,,2024,8,Monaco,,70.27,1,street,0.0,0.0,1,0,3.3333333333333335,0.6
Oscar Piastri,McLaren,2,2,,2024,8,Monaco,,70.424,1,street,0.15400000000001057,0.21915468905651142,4,0,8.333333333333334,0.0
Carlos Sainz,Ferrari,3,3,,2024,8,Monaco,,70.518,1,street,0.24800000000000466,0.35292443432475407,9,0,5.0,0.4
Lando Norris,McLaren,4,4,,2024,8,Monaco,,70.542,0,street,0.27200000000000557,0.3870784118400535,16,0,1.6666666666666667,0.8
George Russell,Mercedes,5,5,,2024,8,Monaco,,70.543,0,street,0.27300000000001035,0.388501494236531,25,0,7.0,0.0
Max Verstappen,Red Bull Racing,6,6,,2024,8,Monaco,,70.567,0,street,0.29699999999999704,0.4226554717518103,36,1,1.3333333333333333,0.8
Lewis Hamilton,Mercedes,7,7,,2024,8,Monaco,,70.621,0,street,0.3509999999999991,0.49950192116123393,49,1,7.0,0.0
Yuki Tsunoda,RB,8,8,,2024,8,Monaco,,70.858,0,street,0.5880000000000081,0.8367724491248159,64,1,12.0,0.0
Alexander Albon,Williams,9,9,,2024,8,Monaco,,70.948,0,street,0.6779999999999973,0.9648498648071685,81,1,16.666666666666668,0.0
Pierre Gasly,Alpine,10,10,,2024,8,Monaco,,70.896,0,street,0.6260000000000048,0.8908495801906998,100,1,13.666666666666666,0.0
Esteban Ocon,Alpine,11,17,,2024,8,Monaco,,71.285,0,street,1.0150000000000006,1.4444286324178177,121,1,11.666666666666666,0.0
Daniel Ricciardo,RB,12,12,,2024,8,Monaco,,71.482,0,street,1.2120000000000033,1.7247758645225608,144,1,15.333333333333334,0.0
Lance Stroll,Aston Martin,13,14,,2024,8,Monaco,,71.563,0,street,1.2930000000000064,1.8400455386366963,169,0,13.666666666666666,0.0
Fernando Alonso,Aston Martin,14,11,,2024,8,Monaco,,72.019,0,street,1.7490000000000094,2.488971111427365,196,0,11.666666666666666,0.0
Logan Sargeant,Williams,15,15,,2024,8,Monaco,,72.02,0,street,1.75,2.4903941938238225,225,0,18.0,0.0
Sergio Perez,Red Bull Racing,16,18,,2024,8,Monaco,,72.06,0,street,1.7900000000000063,2.5473174896826616,256,0,5.0,0.4
Valtteri Bottas,Kick Sauber,17,13,,2024,8,Monaco,,72.512,0,street,2.2420000000000044,3.1905507328874405,289,0,18.0,0.0
Guanyu Zhou,Kick Sauber,18,16,,2024,8,Monaco,,73.028,0,street,2.7580000000000098,3.924861249466358,324,0,14.333333333333334,0.0
Nico Hulkenberg,Haas F1 Team,19,19,,2024,8,Monaco,,71.44,0,street,1.1700000000000017,1.6650064038707866,361,0,10.666666666666666,0.0
Kevin Magnussen,Haas F1 Team,20,20,,2024,8,Monaco,,71.725,0,street,1.4549999999999983,2.070584886864947,400,0,15.666666666666666,0.0
George Russell,Mercedes,1,3,,2024,9,Montréal,,71.742,1,permanent,0.0,0.0,1,0,6.666666666666667,0.0
Max Verstappen,Red Bull Racing,2,1,,2024,9,Montréal,,72.0,1,permanent,0.25799999999999557,0.35962197875720714,4,0,3.0,0.8
Lando Norris,McLaren,3,2,,2024,9,Montréal,,72.021,1,permanent,0.27899999999999636,0.3888935351676791,9,0,2.3333333333333335,0.6
Oscar Piastri,McLaren,4,5,,2024,9,Montréal,,72.103,0,permanent,0.36099999999999,0.503191993532366,16,0,6.333333333333333,0.2
Daniel Ricciardo,RB,5,8,,2024,9,Montréal,,72.178,0,permanent,0.43599999999999284,0.6077332664269086,25,0,13.333333333333334,0.0
Fernando Alonso,Aston Martin,6,6,,2024,9,Montréal,,72.228,0,permanent,0.48599999999999,0.6774274483565972,36,1,13.0,0.0
Lewis Hamilton,Mercedes,7,4,,2024,9,Montréal,,71.979,0,permanent,0.23699999999999477,0.3303504223467352,49,1,6.333333333333333,0.0
Yuki Tsunoda,RB,8,14,,2024,9,Montréal,,72.303,0,permanent,0.5609999999999928,0.7819687212511399,64,1,8.333333333333334,0.0
Lance Stroll,Aston Martin,9,7,,2024,9,Montréal,,72.659,0,permanent,0.9170000000000016,1.2781912965905629,81,1,13.333333333333334,0.0
Alexander Albon,Williams,10,17,,2024,9,Montréal,,72.485,0,permanent,0.742999999999995,1.0356555434752235,100,1,15.666666666666666,0.0
Charles Leclerc,Ferrari,11,19,,2024,9,Montréal,,72.691,0,permanent,0.9489999999999981,1.3227955730255612,121,1,2.3333333333333335,0.6
Carlos Sainz,Ferrari,12,16,,2024,9,Montréal,,72.728,0,permanent,0.98599999999999,1.3743692676535222,144,1,4.333333333333333,0.4
Logan Sargeant,Williams,13,20,,2024,9,Montréal,,72.736,0,permanent,0.9939999999999998,1.3855203367622866,169,0,17.333333333333332,0.0
Kevin Magnussen,Haas F1 Team,14,12,,2024,9,Montréal,,72.916,0,permanent,1.1739999999999924,1.6364193917091694,196,0,17.0,0.0
Pierre Gasly,Alpine,15,9,,2024,9,Montréal,,72.94,0,permanent,1.1979999999999933,1.669872599035423,225,0,12.666666666666666,0.0
Sergio Perez,Red Bull Racing,16,18,,2024,9,Montréal,,73.326,0,permanent,1.583999999999989,2.207911683532643,256,0,10.0,0.4
Nico Hulkenberg,Haas F1 Team,17,11,,2024,9,Montréal,,73.978,0,permanent,2.23599999999999,3.116723815895835,289,0,13.666666666666666,0.0
Esteban Ocon,Alpine,18,10,,2024,9,Montréal,,73.435,0,permanent,1.6929999999999978,2.3598450001393854,324,0,13.666666666666666,0.0
Valtteri Bottas,Kick Sauber,19,13,,2024,9,Montréal,,73.366,0,permanent,1.6239999999999952,2.263667029076406,361,0,15.666666666666666,0.0
Guanyu Zhou,Kick Sauber,20,15,,2024,9,Montréal,,74.292,0,permanent,2.549999999999997,3.5544032784143136,400,0,15.0,0.0
Lando Norris,McLaren,1,2,,2024,10,Barcelona,,71.383,1,permanent,0.0,0.0,1,0,2.6666666666666665,0.8
Max Verstappen,Red Bull Racing,2,1,,2024,10,Barcelona,,71.403,1,permanent,0.020000000000010232,0.028017875404522413,4,0,2.6666666666666665,0.8
Lewis Hamilton,Mercedes,3,3,,2024,10,Barcelona,,71.701,1,permanent,0.31799999999999784,0.4454842189316754,9,0,5.666666666666667,0.0
George Russell,Mercedes,4,4,,2024,10,Barcelona,,71.703,0,permanent,0.3200000000000074,0.44828600647213956,16,0,5.0,0.2
Charles Leclerc,Ferrari,5,5,,2024,10,Barcelona,,71.731,0,permanent,0.347999999999999,0.4875110320384391,25,0,7.666666666666667,0.6
Carlos Sainz,Ferrari,6,6,,2024,10,Barcelona,,71.736,0,permanent,0.35300000000000864,0.4945155008895797,36,1,8.0,0.2
Pierre Gasly,Alpine,7,9,,2024,10,Barcelona,,71.857,0,permanent,0.47400000000000375,0.6640236470868467,49,1,11.666666666666666,0.0
Esteban Ocon,Alpine,8,10,,2024,10,Barcelona,,72.109,0,permanent,0.7259999999999991,1.017048877183642,64,1,13.666666666666666,0.0
Oscar Piastri,McLaren,9,7,,2024,10,Barcelona,,72.011,0,permanent,0.6280000000000001,0.8797612877015538,81,1,3.6666666666666665,0.2
Fernando Alonso,Aston Martin,10,12,,2024,10,Barcelona,,72.128,0,permanent,0.7450000000000045,1.0436658588179322,100,1,12.0,0.0
Sergio Perez,Red Bull Racing,11,8,,2024,10,Barcelona,,72.054,0,permanent,0.6710000000000065,0.9399997198212551,121,1,14.666666666666666,0.2
Valtteri Bottas,Kick Sauber,12,16,,2024,10,Barcelona,,72.227,0,permanent,0.8440000000000083,1.1823543420702525,144,1,14.666666666666666,0.0
Nico Hulkenberg,Haas F1 Team,13,11,,2024,10,Barcelona,,72.31,0,permanent,0.9270000000000067,1.2986285249989589,169,0,13.666666666666666,0.0
Lance Stroll,Aston Martin,14,14,,2024,10,Barcelona,,72.372,0,permanent,0.9890000000000043,1.3854839387529305,196,0,10.0,0.0
Guanyu Zhou,Kick Sauber,15,13,,2024,10,Barcelona,,72.738,0,permanent,1.355000000000004,1.8982110586554277,225,0,15.333333333333334,0.0
Kevin Magnussen,Haas F1 Team,16,17,,2024,10,Barcelona,,72.937,0,permanent,1.554000000000002,2.1769889189302805,256,0,14.666666666666666,0.0
Yuki Tsunoda,RB,17,19,,2024,10,Barcelona,,72.985,0,permanent,1.6020000000000039,2.2442318199011027,289,0,10.666666666666666,0.0
Daniel Ricciardo,RB,18,15,,2024,10,Barcelona,,73.075,0,permanent,1.6920000000000073,2.3703122592213934,324,0,11.0,0.0
Logan Sargeant,Williams,19,20,,2024,10,Barcelona,,73.509,0,permanent,2.1260000000000048,2.9783001554992152,361,0,17.333333333333332,0.0
Alexander Albon,Williams,20,18,,2024,10,Barcelona,,73.153,0,permanent,1.7700000000000102,2.4795819732989792,400,0,15.333333333333334,0.0
Max Verstappen,Red Bull Racing,1,5,,2024,11,Spielberg,,64.314,0,permanent,0.0,0.0,1,0,2.6666666666666665,0.8
Lando Norris,McLaren,2,20,,2024,11,Spielberg,,64.718,0,permanent,0.4040000000000106,0.6281680505022399,4,0,2.6666666666666665,0.8
George Russell,Mercedes,3,1,,2024,11,Spielberg,,64.84,1,permanent,0.5260000000000105,0.8178623627826143,9,0,4.0,0.2
Carlos Sainz,Ferrari,4,3,,2024,11,Spielberg,,64.851,1,permanent,0.5370000000000061,0.8349659483160838,16,0,8.333333333333334,0.2
Lewis Hamilton,Mercedes,5,4,,2024,11,Spielberg,,64.903,0,permanent,0.5890000000000128,0.9158192617470737,25,0,4.666666666666667,0.2
Charles Leclerc,Ferrari,6,11,,2024,11,Spielberg,,65.044,0,permanent,0.730000000000004,1.1350561308579845,36,1,8.333333333333334,0.6
Oscar Piastri,McLaren,7,2,,2024,11,Spielberg,,65.048,1,permanent,0.7340000000000089,1.1412756165065288,49,1,4.666666666666667,0.2
Sergio Perez,Red Bull Racing,8,7,,2024,11,Spielberg,,65.144,0,permanent,0.8300000000000125,1.2905432720714194,64,1,14.666666666666666,0.0
Nico Hulkenberg,Haas F1 Team,9,6,,2024,11,Spielberg,,65.262,0,permanent,0.9480000000000075,1.4740180987032492,81,1,13.666666666666666,0.0
Esteban Ocon,Alpine,10,12,,2024,11,Spielberg,,65.274,0,permanent,0.960000000000008,1.4926765556488604,100,1,12.333333333333334,0.0
Daniel Ricciardo,RB,11,9,,2024,11,Spielberg,,65.289,0,permanent,0.9750000000000085,1.5159996268308746,121,1,11.666666666666666,0.0
Kevin Magnussen,Haas F1 Team,12,8,,2024,11,Spielberg,,65.347,0,permanent,1.0330000000000013,1.6061821687346478,144,1,16.333333333333332,0.0
Pierre Gasly,Alpine,13,10,,2024,11,Spielberg,,65.359,0,permanent,1.0450000000000017,1.624840625680259,169,0,9.333333333333334,0.0
Yuki Tsunoda,RB,14,14,,2024,11,Spielberg,,65.412,0,permanent,1.0980000000000132,1.7072488105233905,196,0,13.666666666666666,0.0
Fernando Alonso,Aston Martin,15,18,,2024,11,Spielberg,,65.639,0,permanent,1.3250000000000028,2.0602046210778413,225,0,9.666666666666666,0.0
Alexander Albon,Williams,16,15,,2024,11,Spielberg,,65.736,0,permanent,1.4220000000000113,2.2110271480548738,256,0,14.666666666666666,0.0
Lance Stroll,Aston Martin,17,13,,2024,11,Spielberg,,65.819,0,permanent,1.5050000000000097,2.340081475262011,289,0,11.666666666666666,0.0
Valtteri Bottas,Kick Sauber,18,16,,2024,11,Spielberg,,65.847,0,permanent,1.5330000000000013,2.383617874801756,324,0,14.0,0.0
Logan Sargeant,Williams,19,19,,2024,11,Spielberg,,65.856,0,permanent,1.5420000000000016,2.397611717510965,361,0,18.333333333333332,0.0
Guanyu Zhou,Kick Sauber,20,17,,2024,11,Spielberg,,66.061,0,permanent,1.747000000000014,2.716360356998498,400,0,14.666666666666666,0.0
George Russell,Mercedes,1,19,,2024,12,Silverstone,,85.819,0,permanent,0.0,0.0,1,0,2.6666666666666665,0.4
Lewis Hamilton,Mercedes,2,1,,2024,12,Silverstone,,85.99,1,permanent,0.17099999999999227,0.19925657488434062,4,0,3.6666666666666665,0.2
Lando Norris,McLaren,3,3,,2024,12,Silverstone,,86.03,1,permanent,0.21099999999999852,0.24586630000349402,9,0,8.0,0.6
Max Verstappen,Red Bull Racing,4,2,,2024,12,Silverstone,,86.203,1,permanent,0.38400000000000034,0.4474533611438031,16,0,2.3333333333333335,0.6
Oscar Piastri,McLaren,5,4,,2024,12,Silverstone,,86.237,0,permanent,0.41799999999999216,0.48707162749506766,25,0,4.666666666666667,0.4
Nico Hulkenberg,Haas F1 Team,6,6,,2024,12,Silverstone,,86.338,0,permanent,0.5189999999999912,0.6047611834209106,36,1,9.333333333333334,0.0
Carlos Sainz,Ferrari,7,5,,2024,12,Silverstone,,86.509,0,permanent,0.6899999999999977,0.8040177583052677,49,1,8.333333333333334,0.4
Lance Stroll,Aston Martin,8,7,,2024,12,Silverstone,,86.585,0,permanent,0.7659999999999911,0.8925762360316376,64,1,11.333333333333334,0.0
Alexander Albon,Williams,9,9,,2024,12,Silverstone,,86.64,0,permanent,0.820999999999998,0.9566646080704715,81,1,16.666666666666668,0.0
Fernando Alonso,Aston Martin,10,8,,2024,12,Silverstone,,86.73,0,permanent,0.9110000000000014,1.0615364895885542,100,1,12.0,0.0
Charles Leclerc,Ferrari,11,14,,2024,12,Silverstone,,87.097,0,permanent,1.2779999999999916,1.4891807175567084,121,1,11.666666666666666,0.4
Logan Sargeant,Williams,12,11,,2024,12,Silverstone,,87.175,0,permanent,1.3559999999999945,1.5800696815390467,144,1,19.666666666666668,0.0
Yuki Tsunoda,RB,13,10,,2024,12,Silverstone,,87.269,0,permanent,1.4500000000000028,1.6896025355690496,169,0,15.666666666666666,0.0
Guanyu Zhou,Kick Sauber,14,18,,2024,12,Silverstone,,87.867,0,permanent,2.048000000000002,2.386417926100283,196,0,15.0,0.0
Daniel Ricciardo,RB,15,13,,2024,12,Silverstone,,87.949,0,permanent,2.1299999999999955,2.4819678625945247,225,0,10.666666666666666,0.0
Valtteri Bottas,Kick Sauber,16,15,,2024,12,Silverstone,,92.431,0,permanent,6.611999999999995,7.704587562194845,256,0,15.0,0.0
Kevin Magnussen,Haas F1 Team,17,12,,2024,12,Silverstone,,92.905,0,permanent,7.0859999999999985,8.25691280485673,289,0,12.333333333333334,0.0
Esteban Ocon,Alpine,18,16,,2024,12,Silverstone,,94.557,0,permanent,8.738,10.181894452277467,324,0,10.666666666666666,0.0
Pierre Gasly,Alpine,19,20,,2024,12,Silverstone,,99.804,0,permanent,13.985,16.295925144781457,361,0,9.333333333333334,0.0
Sergio Perez,Red Bull Racing,20,17,,2024,12,Silverstone,,98.348,0,permanent,12.528999999999996,14.599331150444536,400,0,11.0,0.0
Lando Norris,McLaren,1,2,,2024,13,Budapest,,75.227,1,permanent,0.0,0.0,1,0,8.333333333333334,0.6
Oscar Piastri,McLaren,2,1,,2024,13,Budapest,,75.249,1,permanent,0.02199999999999136,0.029244819014438116,4,0,4.333333333333333,0.4
Max Verstappen,Red Bull Racing,3,5,,2024,13,Budapest,,75.273,0,permanent,0.04599999999999227,0.061148257939293425,9,0,2.6666666666666665,0.6
Carlos Sainz,Ferrari,4,6,,2024,13,Budapest,,75.696,0,permanent,0.4689999999999941,0.6234463689898495,16,0,4.666666666666667,0.4
Lewis Hamilton,Mercedes,5,3,,2024,13,Budapest,,75.854,1,permanent,0.6269999999999953,0.8334773419118073,25,0,2.6666666666666665,0.4
Charles Leclerc,Ferrari,6,4,,2024,13,Budapest,,75.891,0,permanent,0.6640000000000015,0.8826618102542989,36,1,10.0,0.2
Fernando Alonso,Aston Martin,7,11,,2024,13,Budapest,,76.043,0,permanent,0.8160000000000025,1.084716923445043,49,1,12.666666666666666,0.0
Lance Stroll,Aston Martin,8,10,,2024,13,Budapest,,76.075,0,permanent,0.847999999999999,1.1272548420115105,64,1,11.333333333333334,0.0
Daniel Ricciardo,RB,9,12,,2024,13,Budapest,,76.202,0,permanent,0.9749999999999943,1.2960772063221906,81,1,12.333333333333334,0.0
Yuki Tsunoda,RB,10,9,,2024,13,Budapest,,76.121,0,permanent,0.8939999999999912,1.188403099950804,100,1,14.333333333333334,0.0
Nico Hulkenberg,Haas F1 Team,11,13,,2024,13,Budapest,,76.317,0,permanent,1.0899999999999892,1.448947851170443,121,1,7.666666666666667,0.0
Valtteri Bottas,Kick Sauber,12,16,,2024,13,Budapest,,76.384,0,permanent,1.1569999999999965,1.5380116181690038,144,1,15.666666666666666,0.0
Alexander Albon,Williams,13,14,,2024,13,Budapest,,76.429,0,permanent,1.2019999999999982,1.5978305661531074,169,0,14.0,0.0
Logan Sargeant,Williams,14,17,,2024,13,Budapest,,76.543,0,permanent,1.3160000000000025,1.7493719010461701,196,0,16.666666666666668,0.0
Kevin Magnussen,Haas F1 Team,15,15,,2024,13,Budapest,,76.548,0,permanent,1.320999999999998,1.7560184508221752,225,0,12.333333333333334,0.0
Sergio Perez,Red Bull Racing,16,7,,2024,13,Budapest,,77.886,0,permanent,2.658999999999992,3.5346351708827837,256,0,10.666666666666666,0.0
George Russell,Mercedes,17,8,,2024,13,Budapest,,77.968,0,permanent,2.7409999999999997,3.6436385872093786,289,0,8.0,0.4
Guanyu Zhou,Kick Sauber,18,19,,2024,13,Budapest,,78.037,0,permanent,2.8100000000000023,3.735360974118338,324,0,16.0,0.0
Esteban Ocon,Alpine,19,18,,2024,13,Budapest,,78.049,0,permanent,2.8220000000000027,3.7513126935807652,361,0,12.666666666666666,0.0
Pierre Gasly,Alpine,20,20,,2024,13,Budapest,,78.166,0,permanent,2.938999999999993,3.9068419583394167,400,0,13.0,0.0
Charles Leclerc,Ferrari,1,3,,2024,14,Spa-Francorchamps,,113.754,1,permanent,0.5949999999999989,0.5258088176813147,1,0,9.666666666666666,0.0
Sergio Perez,Red Bull Racing,2,7,,2024,14,Spa-Francorchamps,,113.765,0,permanent,0.6059999999999945,0.5355296529661755,4,0,10.333333333333334,0.0
Lewis Hamilton,Mercedes,3,1,,2024,14,Spa-Francorchamps,,113.835,1,permanent,0.6759999999999877,0.5973895138698536,9,0,2.6666666666666665,0.6
Lando Norris,McLaren,4,5,,2024,14,Spa-Francorchamps,,113.981,0,permanent,0.8219999999999885,0.726411509468967,16,0,8.333333333333334,0.8
Oscar Piastri,McLaren,5,2,,2024,14,Spa-Francorchamps,,114.027,1,permanent,0.867999999999995,0.7670622752056796,25,0,2.3333333333333335,0.4
George Russell,Mercedes,6,20,,2024,14,Spa-Francorchamps,,114.095,0,permanent,0.9359999999999928,0.8271547115121137,36,1,9.333333333333334,0.4
Carlos Sainz,Ferrari,7,6,,2024,14,Spa-Francorchamps,,114.112,0,permanent,0.9529999999999887,0.8421778205887193,49,1,4.666666666666667,0.2
Fernando Alonso,Aston Martin,8,8,,2024,14,Spa-Francorchamps,,114.258,0,permanent,1.0989999999999895,0.9711998161878326,64,1,12.333333333333334,0.0
Esteban Ocon,Alpine,9,9,,2024,14,Spa-Francorchamps,,114.46,0,permanent,1.3009999999999877,1.149709700509891,81,1,15.333333333333334,0.0
Alexander Albon,Williams,10,12,,2024,14,Spa-Francorchamps,,114.473,0,permanent,1.313999999999993,1.1611979603920086,100,1,12.666666666666666,0.0
Max Verstappen,Red Bull Racing,11,4,,2024,14,Spa-Francorchamps,,113.159,0,permanent,0.0,0.0,121,1,4.0,0.6
Pierre Gasly,Alpine,12,13,,2024,14,Spa-Francorchamps,,114.635,0,permanent,1.475999999999999,1.3043593527691115,144,1,16.666666666666668,0.0
Daniel Ricciardo,RB,13,10,,2024,14,Spa-Francorchamps,,114.682,0,permanent,1.5229999999999961,1.3458938308044397,169,0,11.333333333333334,0.0
Valtteri Bottas,Kick Sauber,14,15,,2024,14,Spa-Francorchamps,,114.764,0,permanent,1.6049999999999898,1.4183582392916072,196,0,15.666666666666666,0.0
Lance Stroll,Aston Martin,15,11,,2024,14,Spa-Francorchamps,,115.716,0,permanent,2.556999999999988,2.2596523475817105,225,0,10.0,0.0
Nico Hulkenberg,Haas F1 Team,16,18,,2024,14,Spa-Francorchamps,,116.308,0,permanent,3.149000000000001,2.7828100283671655,256,0,8.333333333333334,0.0
Kevin Magnussen,Haas F1 Team,17,14,,2024,14,Spa-Francorchamps,,116.5,0,permanent,3.340999999999994,2.952482789702979,289,0,11.666666666666666,0.0
Logan Sargeant,Williams,18,17,,2024,14,Spa-Francorchamps,,117.23,0,permanent,4.070999999999998,3.5975927676985457,324,0,15.666666666666666,0.0
Guanyu Zhou,Kick Sauber,19,19,,2024,14,Spa-Francorchamps,,117.775,0,permanent,4.616,4.079215970448661,361,0,18.0,0.0
Yuki Tsunoda,RB,20,16,,2024,14,Spa-Francorchamps,,116.593,0,permanent,3.4339999999999975,3.0346680334750196,400,0,11.0,0.0
Lando Norris,McLaren,1,1,,2024,15,Zandvoort,,69.673,1,permanent,0.0,0.0,1,0,3.3333333333333335,0.6
Max Verstappen,Red Bull Racing,2,2,,2024,15,Zandvoort,,70.029,1,permanent,0.35599999999999454,0.5109583339313573,4,0,3.6666666666666665,0.4
Oscar Piastri,McLaren,3,4,,2024,15,Zandvoort,,70.172,0,permanent,0.4989999999999952,0.7162028332352492,9,0,2.3333333333333335,0.6
George Russell,Mercedes,4,7,,2024,15,Zandvoort,,70.244,0,permanent,0.570999999999998,0.8195427209966528,16,0,15.666666666666666,0.2
Sergio Perez,Red Bull Racing,5,6,,2024,15,Zandvoort,,70.416,0,permanent,0.742999999999995,1.0664102306488812,25,0,10.333333333333334,0.0
Charles Leclerc,Ferrari,6,3,,2024,15,Zandvoort,,70.582,1,permanent,0.9089999999999918,1.3046660829876593,36,1,7.0,0.2
Fernando Alonso,Aston Martin,7,10,,2024,15,Zandvoort,,70.633,0,permanent,0.9599999999999937,1.3778651701519868,49,1,9.0,0.0
Lance Stroll,Aston Martin,8,13,,2024,15,Zandvoort,,70.661,0,permanent,0.9879999999999995,1.4180529042814283,64,1,9.333333333333334,0.0
Pierre Gasly,Alpine,9,9,,2024,15,Zandvoort,,70.815,0,permanent,1.141999999999996,1.6390854419933056,81,1,17.666666666666668,0.0
Carlos Sainz,Ferrari,10,5,,2024,15,Zandvoort,,70.914,0,permanent,1.2409999999999997,1.7811777876652355,100,1,5.666666666666667,0.2
Yuki Tsunoda,RB,11,17,,2024,15,Zandvoort,,70.955,0,permanent,1.2819999999999965,1.8400241126404724,121,1,11.666666666666666,0.0
Nico Hulkenberg,Haas F1 Team,12,11,,2024,15,Zandvoort,,71.215,0,permanent,1.5420000000000016,2.2131959295566452,144,1,12.333333333333334,0.0
Daniel Ricciardo,RB,13,12,,2024,15,Zandvoort,,71.943,0,permanent,2.269999999999996,3.258077016921901,169,0,11.666666666666666,0.0
Lewis Hamilton,Mercedes,14,8,,2024,15,Zandvoort,,70.948,0,permanent,1.2749999999999915,1.8299771791081072,196,0,1.6666666666666667,0.8
Esteban Ocon,Alpine,15,15,,2024,15,Zandvoort,,71.995,0,permanent,2.3220000000000027,3.3327113803051436,225,0,14.333333333333334,0.0
Valtteri Bottas,Kick Sauber,16,19,,2024,15,Zandvoort,,72.168,0,permanent,2.4950000000000045,3.581014166176287,256,0,15.333333333333334,0.0
Guanyu Zhou,Kick Sauber,17,20,,2024,15,Zandvoort,,73.261,0,permanent,3.587999999999994,5.149771073443075,289,0,18.666666666666668,0.0
Logan Sargeant,Williams,18,16,,2024,15,Zandvoort,,78.261,0,permanent,8.587999999999994,12.32615216798472,324,0,15.0,0.0
Alexander Albon,Williams,19,14,,2024,15,Zandvoort,,70.653,0,permanent,0.980000000000004,1.406570694530168,361,0,11.666666666666666,0.0
Kevin Magnussen,Haas F1 Team,20,18,,2024,15,Zandvoort,,71.295,0,permanent,1.6219999999999999,2.3280180270693096,400,0,13.666666666666666,0.0
Lando Norris,McLaren,1,3,,2024,16,Monza,,79.327,1,permanent,0.0,0.0,1,0,2.6666666666666665,0.6
Oscar Piastri,McLaren,2,2,,2024,16,Monza,,79.436,1,permanent,0.10900000000000887,0.1374059273639604,4,0,2.3333333333333335,0.6
George Russell,Mercedes,3,7,,2024,16,Monza,,79.44,0,permanent,0.11299999999999955,0.14244834671675413,9,0,11.666666666666666,0.2
Charles Leclerc,Ferrari,4,1,,2024,16,Monza,,79.461,1,permanent,0.13400000000000034,0.16892104831898389,16,0,3.3333333333333335,0.4
Carlos Sainz,Ferrari,5,4,,2024,16,Monza,,79.467,0,permanent,0.14000000000000057,0.17648467734819237,25,0,5.666666666666667,0.2
Lewis Hamilton,Mercedes,6,5,,2024,16,Monza,,79.513,0,permanent,0.18600000000000705,0.23447249990546354,36,1,4.0,0.6
Max Verstappen,Red Bull Racing,7,6,,2024,16,Monza,,79.662,0,permanent,0.33500000000000796,0.42230262079746866,49,1,3.6666666666666665,0.4
Sergio Perez,Red Bull Racing,8,8,,2024,16,Monza,,80.062,0,permanent,0.7349999999999994,0.9265445560780055,64,1,6.666666666666667,0.0
Alexander Albon,Williams,9,9,,2024,16,Monza,,80.299,0,permanent,0.9720000000000084,1.2253079027317415,81,1,13.333333333333334,0.0
Nico Hulkenberg,Haas F1 Team,10,17,,2024,16,Monza,,80.339,0,permanent,1.0120000000000005,1.275732096259786,100,1,14.0,0.0
Fernando Alonso,Aston Martin,11,11,,2024,16,Monza,,80.421,0,permanent,1.0940000000000083,1.3791016929923083,121,1,9.666666666666666,0.0
Daniel Ricciardo,RB,12,13,,2024,16,Monza,,80.479,0,permanent,1.152000000000001,1.4522167736079785,144,1,11.333333333333334,0.0
Kevin Magnussen,Haas F1 Team,13,10,,2024,16,Monza,,80.698,0,permanent,1.3709999999999951,1.728289233174071,169,0,15.666666666666666,0.0
Pierre Gasly,Alpine,14,15,,2024,16,Monza,,80.738,0,permanent,1.4110000000000014,1.7787134267021336,196,0,14.0,0.0
Esteban Ocon,Alpine,15,14,,2024,16,Monza,,80.764,0,permanent,1.4369999999999976,1.8114891524953645,225,0,14.0,0.0
Yuki Tsunoda,RB,16,20,,2024,16,Monza,,80.945,0,permanent,1.617999999999995,2.039658628209809,256,0,14.0,0.0
Lance Stroll,Aston Martin,17,19,,2024,16,Monza,,81.013,0,permanent,1.686000000000007,2.125379757207517,289,0,11.333333333333334,0.0
Franco Colapinto,Williams,18,12,,2024,16,Monza,,81.061,0,permanent,1.7340000000000089,2.185888789441185,324,0,10.0,0.15
Valtteri Bottas,Kick Sauber,19,16,,2024,16,Monza,,81.101,0,permanent,1.774000000000001,2.23631298296923,361,0,16.666666666666668,0.0
Guanyu Zhou,Kick Sauber,20,18,,2024,16,Monza,,81.445,0,permanent,2.117999999999995,2.669961047310493,400,0,19.333333333333332,0.0
Charles Leclerc,Ferrari,1,2,,2024,17,Baku,,101.365,1,street,0.0,0.0,1,0,2.3333333333333335,0.6
Oscar Piastri,McLaren,2,1,,2024,17,Baku,,101.686,1,street,0.32100000000001216,0.31667735411632436,4,0,2.6666666666666665,0.6
Carlos Sainz,Ferrari,3,18,,2024,17,Baku,,101.805,0,street,0.44000000000001194,0.4340748779164524,9,0,5.0,0.0
Sergio Perez,Red Bull Racing,4,17,,2024,17,Baku,,101.813,0,street,0.4480000000000075,0.44196714842401963,16,0,7.0,0.0
George Russell,Mercedes,5,3,,2024,17,Baku,,101.874,1,street,0.5090000000000003,0.5021457110442464,25,0,11.333333333333334,0.0
Max Verstappen,Red Bull Racing,6,5,,2024,17,Baku,,102.023,0,street,0.6580000000000013,0.6491392492477692,36,1,4.0,0.4
Fernando Alonso,Aston Martin,7,6,,2024,17,Baku,,102.369,0,street,1.0040000000000049,0.9904799487002465,49,1,9.666666666666666,0.0
Franco Colapinto,Williams,8,8,,2024,17,Baku,,102.473,0,street,1.108000000000004,1.0930794652986773,64,1,12.0,0.0
Alexander Albon,Williams,9,7,,2024,17,Baku,,102.84,0,street,1.4750000000000085,1.455137374833531,81,1,11.666666666666666,0.0
Oliver Bearman,Haas F1 Team,10,10,,2024,17,Baku,,102.968,0,street,1.6030000000000086,1.5814137029546773,100,1,7.0,0.0
Yuki Tsunoda,RB,11,20,,2024,17,Baku,,103.035,0,street,1.6700000000000017,1.6475114684555832,121,1,17.666666666666668,0.0
Nico Hulkenberg,Haas F1 Team,12,11,,2024,17,Baku,,103.101,0,street,1.7360000000000042,1.7126227001430516,144,1,15.333333333333334,0.0
Lance Stroll,Aston Martin,13,19,,2024,17,Baku,,103.37,0,street,2.0050000000000097,1.9780002959601535,169,0,14.333333333333334,0.0
Daniel Ricciardo,RB,14,13,,2024,17,Baku,,103.547,0,street,2.182000000000002,2.152616780940169,196,0,11.666666666666666,0.0
Lando Norris,McLaren,15,4,,2024,17,Baku,,103.609,0,street,2.2439999999999998,2.213781877373847,225,0,3.0,0.8
Valtteri Bottas,Kick Sauber,16,16,,2024,17,Baku,,103.618,0,street,2.253,2.2226606816948653,256,0,16.666666666666668,0.0
Guanyu Zhou,Kick Sauber,17,14,,2024,17,Baku,,104.246,0,street,2.8810000000000002,2.8422039165392396,289,0,19.0,0.0
Pierre Gasly,Alpine,18,12,,2024,17,Baku,,103.179,0,street,1.8140000000000072,1.7895723375918782,324,0,12.333333333333334,0.0
Lewis Hamilton,Mercedes,19,9,,2024,17,Baku,,102.289,0,street,0.9240000000000066,0.9115572436245318,361,0,4.666666666666667,0.6
Esteban Ocon,Alpine,20,15,,2024,17,Baku,,104.504,0,street,3.13900000000001,3.096729640408435,400,0,12.666666666666666,0.0
Lando Norris,McLaren,1,1,,2024,18,Marina Bay,,89.525,1,street,0.0,0.0,1,0,2.6666666666666665,0.6
Max Verstappen,Red Bull Racing,2,2,,2024,18,Marina Bay,,89.68,1,street,0.15500000000000114,0.17313599553197556,4,0,4.333333333333333,0.2
Lewis Hamilton,Mercedes,3,6,,2024,18,Marina Bay,,89.841,0,street,0.3159999999999883,0.3529740296006571,9,0,7.333333333333333,0.4
George Russell,Mercedes,4,4,,2024,18,Marina Bay,,89.867,0,street,0.34199999999999875,0.38201619659312896,16,0,5.666666666666667,0.2
Oscar Piastri,McLaren,5,3,,2024,18,Marina Bay,,89.64,1,street,0.11499999999999488,0.12845573862049134,25,0,2.3333333333333335,0.8
Nico Hulkenberg,Haas F1 Team,6,9,,2024,18,Marina Bay,,90.115,0,street,0.5899999999999892,0.6590337894442773,36,1,13.0,0.0
Fernando Alonso,Aston Martin,7,8,,2024,18,Marina Bay,,90.214,0,street,0.688999999999993,0.7696174253001875,49,1,9.0,0.0
Yuki Tsunoda,RB,8,12,,2024,18,Marina Bay,,90.289,0,street,0.7639999999999958,0.8533929070092104,64,1,19.0,0.0
Charles Leclerc,Ferrari,9,5,,2024,18,Marina Bay,,89.747,0,street,0.2219999999999942,0.2479754258586922,81,1,2.0,0.8
Carlos Sainz,Ferrari,10,7,,2024,18,Marina Bay,,90.108,0,street,0.5829999999999984,0.651214744484779,100,1,9.0,0.0
Alexander Albon,Williams,11,20,,2024,18,Marina Bay,,90.474,0,street,0.9489999999999981,1.0600390952247953,121,1,10.0,0.0
Franco Colapinto,Williams,12,11,,2024,18,Marina Bay,,90.481,0,street,0.9559999999999889,1.0678581401842935,144,1,10.0,0.0
Sergio Perez,Red Bull Racing,13,10,,2024,18,Marina Bay,,90.579,0,street,1.0539999999999878,1.1773247696174116,169,0,10.333333333333334,0.0
Kevin Magnussen,Haas F1 Team,14,19,,2024,18,Marina Bay,,90.653,0,street,1.1280000000000001,1.2599832449036583,196,0,14.0,0.0
Esteban Ocon,Alpine,15,13,,2024,18,Marina Bay,,90.769,0,street,1.2439999999999998,1.3895559899469418,225,0,14.666666666666666,0.0
Daniel Ricciardo,RB,16,18,,2024,18,Marina Bay,,91.085,0,street,1.559999999999988,1.742530019547599,256,0,12.666666666666666,0.0
Lance Stroll,Aston Martin,17,14,,2024,18,Marina Bay,,91.094,0,street,1.5689999999999884,1.7525830773526818,289,0,17.0,0.0
Pierre Gasly,Alpine,18,17,,2024,18,Marina Bay,,91.312,0,street,1.786999999999992,1.9960904775202366,324,0,12.0,0.0
Valtteri Bottas,Kick Sauber,19,16,,2024,18,Marina Bay,,91.572,0,street,2.046999999999997,2.2865121474448444,361,0,17.0,0.0
Guanyu Zhou,Kick Sauber,20,15,,2024,18,Marina Bay,,92.054,0,street,2.5289999999999964,2.824909243228144,400,0,17.333333333333332,0.0
Lando Norris,McLaren,1,4,,2024,19,Austin,,92.33,0,permanent,0.0,0.0,1,0,2.6666666666666665,0.6
Max Verstappen,Red Bull Racing,2,3,,2024,19,Austin,,92.361,1,permanent,0.03100000000000591,0.03357521932200359,4,0,4.333333333333333,0.4
Carlos Sainz,Ferrari,3,2,,2024,19,Austin,,92.652,1,permanent,0.32200000000000273,0.3487490523123608,9,0,9.666666666666666,0.0
Charles Leclerc,Ferrari,4,1,,2024,19,Austin,,92.74,1,permanent,0.4099999999999966,0.4440593523231849,16,0,2.6666666666666665,0.8
Oscar Piastri,McLaren,5,5,,2024,19,Austin,,92.95,0,permanent,0.6200000000000045,0.6715043864399486,25,0,2.0,0.8
Pierre Gasly,Alpine,6,12,,2024,19,Austin,,93.018,0,permanent,0.6880000000000024,0.7451532546301337,36,1,14.666666666666666,0.0
Fernando Alonso,Aston Martin,7,13,,2024,19,Austin,,93.309,0,permanent,0.9789999999999992,1.0603270876204909,49,1,8.333333333333334,0.0
Kevin Magnussen,Haas F1 Team,8,11,,2024,19,Austin,,93.474,0,permanent,1.1440000000000055,1.2390339001408053,64,1,15.666666666666666,0.0
Sergio Perez,Red Bull Racing,9,7,,2024,19,Austin,,93.02,0,permanent,0.6899999999999977,0.7473193978121929,81,1,11.666666666666666,0.0
Yuki Tsunoda,RB,10,14,,2024,19,Austin,,93.506,0,permanent,1.176000000000002,1.2736921910538308,100,1,17.333333333333332,0.0
Nico Hulkenberg,Haas F1 Team,11,8,,2024,19,Austin,,93.544,0,permanent,1.2139999999999986,1.3148489115130495,121,1,12.333333333333334,0.0
Esteban Ocon,Alpine,12,18,,2024,19,Austin,,93.597,0,permanent,1.266999999999996,1.3722517058377515,144,1,14.0,0.0
Lance Stroll,Aston Martin,13,15,,2024,19,Austin,,93.759,0,permanent,1.429000000000002,1.5477093035849692,169,0,17.333333333333332,0.0
Alexander Albon,Williams,14,16,,2024,19,Austin,,94.051,0,permanent,1.7210000000000036,1.863966208166364,196,0,12.0,0.0
Franco Colapinto,Williams,15,10,,2024,19,Austin,,94.062,0,permanent,1.7319999999999993,1.875879995667713,225,0,10.333333333333334,0.0
Valtteri Bottas,Kick Sauber,16,17,,2024,19,Austin,,94.152,0,permanent,1.8220000000000027,1.9733564388606117,256,0,16.0,0.0
Lewis Hamilton,Mercedes,17,20,,2024,19,Austin,,94.154,0,permanent,1.823999999999998,1.975522582042671,289,0,6.666666666666667,0.2
Guanyu Zhou,Kick Sauber,18,19,,2024,19,Austin,,94.228,0,permanent,1.8979999999999961,2.055669879779049,324,0,15.666666666666666,0.0
Liam Lawson,RB,19,9,,2024,19,Austin,,93.339,0,permanent,1.0090000000000003,1.0928192353514572,361,0,12.333333333333334,0.0
George Russell,Mercedes,20,6,,2024,19,Austin,,92.974,0,permanent,0.6440000000000055,0.6974981046247216,400,0,4.666666666666667,0.2
Esteban Ocon,Alpine,0,13,,2024,20,Mexico City,,77.617,0,permanent,1.6710000000000065,2.200247544307806,0,0,15.333333333333334,0.0
Carlos Sainz,Ferrari,1,1,,2024,20,Mexico City,,75.946,1,permanent,0.0,0.0,1,0,9.0,0.2
Max Verstappen,Red Bull Racing,2,6,,2024,20,Mexico City,,76.171,0,permanent,0.22500000000000853,0.29626313433229995,4,0,3.3333333333333335,0.6
Lando Norris,McLaren,3,2,,2024,20,Mexico City,,76.26,1,permanent,0.31400000000000716,0.4134516630237368,9,0,3.0,0.6
Charles Leclerc,Ferrari,4,3,,2024,20,Mexico City,,76.265,1,permanent,0.3190000000000026,0.420035288231115,16,0,2.6666666666666665,0.8
George Russell,Mercedes,5,5,,2024,20,Mexico City,,76.356,0,permanent,0.4099999999999966,0.5398572670054994,25,0,4.333333333333333,0.2
Lewis Hamilton,Mercedes,6,4,,2024,20,Mexico City,,76.651,0,permanent,0.7049999999999983,0.9282911542411691,36,1,11.666666666666666,0.0
Kevin Magnussen,Haas F1 Team,7,7,,2024,20,Mexico City,,76.886,0,permanent,0.9399999999999977,1.2377215389882255,49,1,13.333333333333334,0.0
Pierre Gasly,Alpine,8,10,,2024,20,Mexico City,,76.892,0,permanent,0.945999999999998,1.2456218892370867,64,1,13.666666666666666,0.0
Alexander Albon,Williams,9,19,,2024,20,Mexico City,,76.988,0,permanent,1.0420000000000016,1.372027493218868,81,1,14.333333333333334,0.0
Nico Hulkenberg,Haas F1 Team,10,9,,2024,20,Mexico City,,76.995,0,permanent,1.0490000000000066,1.3812445685092127,100,1,9.333333333333334,0.0
Yuki Tsunoda,RB,11,20,,2024,20,Mexico City,,77.129,0,permanent,1.183000000000007,1.5576857240671096,121,1,15.333333333333334,0.0
Liam Lawson,RB,12,16,,2024,20,Mexico City,,77.162,0,permanent,1.2160000000000082,1.601137650435847,144,1,12.333333333333334,0.0
Fernando Alonso,Aston Martin,13,18,,2024,20,Mexico City,,77.168,0,permanent,1.2220000000000084,1.609038000684708,169,0,9.0,0.0
Lance Stroll,Aston Martin,14,11,,2024,20,Mexico City,,77.294,0,permanent,1.347999999999999,1.7749453559107775,196,0,16.0,0.0
Valtteri Bottas,Kick Sauber,15,14,,2024,20,Mexico City,,77.393,0,permanent,1.4470000000000027,1.9053011350169895,225,0,16.333333333333332,0.0
Franco Colapinto,Williams,16,12,,2024,20,Mexico City,,77.558,0,permanent,1.612000000000009,2.1225607668606763,256,0,9.666666666666666,0.0
Oscar Piastri,McLaren,17,8,,2024,20,Mexico City,,77.597,0,permanent,1.6509999999999962,2.173913043478256,289,0,3.0,0.6
Sergio Perez,Red Bull Racing,18,17,,2024,20,Mexico City,,77.611,0,permanent,1.6650000000000063,2.192347194058945,324,0,11.333333333333334,0.0
Guanyu Zhou,Kick Sauber,19,15,,2024,20,Mexico City,,78.072,0,permanent,2.1260000000000048,2.7993574381797655,361,0,16.0,0.0
Lando Norris,McLaren,1,6,,2024,21,São Paulo,,83.405,0,permanent,0.0,0.0,1,0,2.3333333333333335,0.6
George Russell,Mercedes,2,4,,2024,21,São Paulo,,83.578,0,permanent,0.17300000000000182,0.2074216174090304,4,0,5.0,0.2
Yuki Tsunoda,RB,3,7,,2024,21,São Paulo,,84.111,0,permanent,0.7060000000000031,0.8464720340507201,9,0,15.333333333333334,0.0
Esteban Ocon,Alpine,4,2,,2024,21,São Paulo,,84.475,1,permanent,1.0699999999999932,1.2828967088303977,16,0,14.666666666666666,0.0
Liam Lawson,RB,5,9,,2024,21,São Paulo,,84.484,0,permanent,1.0789999999999935,1.2936874288112146,25,0,14.0,0.0
Charles Leclerc,Ferrari,6,5,,2024,21,São Paulo,,84.525,0,permanent,1.1200000000000045,1.3428451531682806,36,1,3.0,0.8
Alexander Albon,Williams,7,18,,2024,21,São Paulo,,84.657,0,permanent,1.2519999999999953,1.501109046220245,49,1,18.333333333333332,0.0
Oscar Piastri,McLaren,8,8,,2024,21,São Paulo,,84.686,0,permanent,1.281000000000006,1.5358791439362218,64,1,5.333333333333333,0.6
Fernando Alonso,Aston Martin,9,14,,2024,21,São Paulo,,88.998,0,permanent,5.5930000000000035,6.705832983634079,81,1,13.0,0.0
Lance Stroll,Aston Martin,10,19,,2024,21,São Paulo,,86.334,0,permanent,2.929000000000002,3.511779869312394,100,1,13.333333333333334,0.0
Valtteri Bottas,Kick Sauber,11,13,,2024,21,São Paulo,,86.472,0,permanent,3.066999999999993,3.6772375756849023,121,1,15.666666666666666,0.0
Sergio Perez,Red Bull Racing,12,11,,2024,21,São Paulo,,88.158,0,permanent,4.753,5.698699118757868,144,1,11.333333333333334,0.0
Pierre Gasly,Alpine,13,3,,2024,21,São Paulo,,89.42,1,permanent,6.015000000000001,7.2117978538456935,169,0,13.0,0.0
Lewis Hamilton,Mercedes,14,10,,2024,21,São Paulo,,91.15,0,permanent,7.7450000000000045,9.28601402793598,196,0,10.0,0.0
Oliver Bearman,Haas F1 Team,15,12,,2024,21,São Paulo,,91.229,0,permanent,7.823999999999998,9.380732569989807,225,0,8.5,0.0
Franco Colapinto,Williams,16,17,,2024,21,São Paulo,,91.27,0,permanent,7.864999999999995,9.429890294346857,256,0,11.0,0.0
Max Verstappen,Red Bull Racing,17,1,,2024,21,São Paulo,,87.771,1,permanent,4.366,5.234698159582758,289,0,3.6666666666666665,0.4
Nico Hulkenberg,Haas F1 Team,18,20,,2024,21,São Paulo,,91.623,0,permanent,8.218000000000004,9.853126311372224,324,0,8.666666666666666,0.0
Guanyu Zhou,Kick Sauber,19,15,,2024,21,São Paulo,,92.263,0,permanent,8.858000000000004,10.620466398896953,361,0,16.333333333333332,0.0
Carlos Sainz,Ferrari,20,16,,2024,21,São Paulo,,89.406,0,permanent,6.001000000000005,7.195012289431095,400,0,3.3333333333333335,0.4
George Russell,Mercedes,1,1,,2024,22,Las Vegas,,92.312,1,street,0.0,0.0,1,0,5.0,0.2
Carlos Sainz,Ferrari,2,3,,2024,22,Las Vegas,,92.41,1,street,0.09799999999999898,0.10616171245341774,4,0,6.333333333333333,0.4
Pierre Gasly,Alpine,3,20,,2024,22,Las Vegas,,92.664,0,street,0.35200000000000387,0.3813155386082025,9,0,8.333333333333334,0.2
Charles Leclerc,Ferrari,4,4,,2024,22,Las Vegas,,92.783,0,street,0.47100000000000364,0.5102261894444965,16,0,3.0,0.6
Max Verstappen,Red Bull Racing,5,5,,2024,22,Las Vegas,,92.797,0,street,0.48499999999999943,0.525392148366409,25,0,3.3333333333333335,0.6
Lando Norris,McLaren,6,6,,2024,22,Las Vegas,,93.008,0,street,0.695999999999998,0.753964814975299,36,1,4.0,0.4
Yuki Tsunoda,RB,7,9,,2024,22,Las Vegas,,93.029,0,street,0.7169999999999987,0.7767137533581753,49,1,13.666666666666666,0.0
Oscar Piastri,McLaren,8,7,,2024,22,Las Vegas,,93.024,0,street,0.7120000000000033,0.7712973394574956,64,1,7.0,0.4
Nico Hulkenberg,Haas F1 Team,9,8,,2024,22,Las Vegas,,93.062,0,street,0.75,0.8124620851026952,81,1,12.333333333333334,0.0
Lewis Hamilton,Mercedes,10,2,,2024,22,Las Vegas,,92.567,1,street,0.25499999999999545,0.27623710893491144,100,1,11.333333333333334,0.0
Esteban Ocon,Alpine,11,17,,2024,22,Las Vegas,,93.221,0,street,0.909000000000006,0.9847040471444732,121,1,11.0,0.2
Kevin Magnussen,Haas F1 Team,12,12,,2024,22,Las Vegas,,93.297,0,street,0.9849999999999994,1.0670335384348724,144,1,12.333333333333334,0.0
Guanyu Zhou,Kick Sauber,13,13,,2024,22,Las Vegas,,93.566,0,street,1.2540000000000049,1.3584366062917117,169,0,16.333333333333332,0.0
Liam Lawson,RB,14,16,,2024,22,Las Vegas,,94.087,0,street,1.7750000000000057,1.9228269347430513,196,0,11.333333333333334,0.0
Sergio Perez,Red Bull Racing,15,10,,2024,22,Las Vegas,,94.155,0,street,1.8430000000000035,1.9964901637923602,225,0,11.666666666666666,0.0
Fernando Alonso,Aston Martin,16,11,,2024,22,Las Vegas,,94.258,0,street,1.945999999999998,2.108068290146458,256,0,15.0,0.0
Alexander Albon,Williams,17,19,,2024,22,Las Vegas,,94.425,0,street,2.1129999999999995,2.288976514429326,289,0,17.666666666666668,0.0
Lance Stroll,Aston Martin,18,15,,2024,22,Las Vegas,,94.484,0,street,2.171999999999997,2.352890198457402,324,0,15.0,0.0
Valtteri Bottas,Kick Sauber,19,18,,2024,22,Las Vegas,,94.43,0,street,2.118000000000009,2.294392928330021,361,0,14.666666666666666,0.0
Franco Colapinto,Williams,20,14,,2024,22,Las Vegas,,93.746,0,street,1.4339999999999975,1.5534275067163505,400,0,13.0,0.0
George Russell,Mercedes,1,4,,2024,23,Lusail,,80.575,0,permanent,0.05500000000000682,0.06830601092897022,1,0,3.3333333333333335,0.2
Max Verstappen,Red Bull Racing,2,1,,2024,23,Lusail,,80.52,1,permanent,0.0,0.0,4,0,4.0,0.6
Lando Norris,McLaren,3,10,,2024,23,Lusail,,80.772,0,permanent,0.25200000000000955,0.31296572280180024,9,0,4.666666666666667,0.4
Oscar Piastri,McLaren,4,3,,2024,23,Lusail,,80.829,1,permanent,0.3089999999999975,0.38375558867361836,16,0,7.666666666666667,0.2
Charles Leclerc,Ferrari,5,2,,2024,23,Lusail,,80.852,1,permanent,0.33200000000000784,0.41231992051665156,25,0,4.0,0.4
Lewis Hamilton,Mercedes,6,12,,2024,23,Lusail,,81.011,0,permanent,0.49099999999999966,0.6097863884749126,36,1,5.333333333333333,0.2
Carlos Sainz,Ferrari,7,6,,2024,23,Lusail,,81.041,0,permanent,0.5210000000000008,0.6470442126179842,49,1,6.666666666666667,0.6
Fernando Alonso,Aston Martin,8,7,,2024,23,Lusail,,81.208,0,permanent,0.6880000000000024,0.8544461003477426,64,1,14.333333333333334,0.0
Sergio Perez,Red Bull Racing,9,17,,2024,23,Lusail,,81.425,0,permanent,0.9050000000000011,1.1239443616492812,81,1,12.666666666666666,0.0
Kevin Magnussen,Haas F1 Team,10,9,,2024,23,Lusail,,81.387,0,permanent,0.8670000000000044,1.07675111773473,100,1,10.0,0.0
Pierre Gasly,Alpine,11,5,,2024,23,Lusail,,81.437,0,permanent,0.9170000000000016,1.1388474913065096,121,1,11.0,0.2
Guanyu Zhou,Kick Sauber,12,8,,2024,23,Lusail,,81.501,0,permanent,0.9810000000000088,1.2183308494784015,144,1,14.333333333333334,0.0
Valtteri Bottas,Kick Sauber,13,11,,2024,23,Lusail,,81.731,0,permanent,1.2109999999999985,1.5039741679085923,169,0,15.0,0.0
Yuki Tsunoda,RB,14,13,,2024,23,Lusail,,81.771,0,permanent,1.2510000000000048,1.5536512667660267,196,0,12.0,0.0
Lance Stroll,Aston Martin,15,18,,2024,23,Lusail,,81.911,0,permanent,1.3910000000000053,1.727521112767021,225,0,15.0,0.0
Alexander Albon,Williams,16,15,,2024,23,Lusail,,82.39,0,permanent,1.8700000000000045,2.3224043715847054,256,0,18.666666666666668,0.0
Liam Lawson,RB,17,14,,2024,23,Lusail,,82.411,0,permanent,1.8910000000000053,2.3484848484848553,289,0,13.666666666666666,0.0
Nico Hulkenberg,Haas F1 Team,18,16,,2024,23,Lusail,,82.442,0,permanent,1.921999999999997,2.3869846000993507,324,0,12.333333333333334,0.0
Franco Colapinto,Williams,19,19,,2024,23,Lusail,,82.594,0,permanent,2.073999999999998,2.5757575757575735,361,0,14.333333333333334,0.0
Esteban Ocon,Alpine,20,20,,2024,23,Lusail,,82.714,0,permanent,2.1940000000000026,2.7247888723298592,400,0,10.666666666666666,0.2
Lando Norris,McLaren,1,1,,2024,24,Yas Island,,82.595,1,permanent,0.0,0.0,1,0,7.333333333333333,0.2
Oscar Piastri,McLaren,2,10,,2024,24,Yas Island,,82.804,0,permanent,0.20900000000000318,0.2530419516919949,4,0,6.0,0.2
Carlos Sainz,Ferrari,3,2,,2024,24,Yas Island,,82.824,1,permanent,0.2289999999999992,0.27725649252375956,9,0,8.333333333333334,0.6
Max Verstappen,Red Bull Racing,4,6,,2024,24,Yas Island,,82.945,0,permanent,0.3499999999999943,0.42375446455595894,16,0,2.3333333333333335,0.6
Pierre Gasly,Alpine,5,7,,2024,24,Yas Island,,82.984,0,permanent,0.3889999999999958,0.47097281917791123,25,0,9.333333333333334,0.2
George Russell,Mercedes,6,5,,2024,24,Yas Island,,83.132,0,permanent,0.5370000000000061,0.6501604213330179,36,1,3.0,0.2
Nico Hulkenberg,Haas F1 Team,7,8,,2024,24,Yas Island,,82.886,0,permanent,0.2909999999999968,0.35232156910224205,49,1,14.666666666666666,0.0
Fernando Alonso,Aston Martin,8,9,,2024,24,Yas Island,,83.196,0,permanent,0.6009999999999991,0.7276469519946718,64,1,10.666666666666666,0.0
Valtteri Bottas,Kick Sauber,9,18,,2024,24,Yas Island,,83.204,0,permanent,0.6089999999999947,0.7373327683273742,81,1,14.0,0.0
Sergio Perez,Red Bull Racing,10,20,,2024,24,Yas Island,,83.264,0,permanent,0.6689999999999969,0.8099763908226852,100,1,12.666666666666666,0.0
Yuki Tsunoda,RB,11,12,,2024,24,Yas Island,,83.419,0,permanent,0.8239999999999981,0.9976390822689002,121,1,9.666666666666666,0.0
Liam Lawson,RB,12,17,,2024,24,Yas Island,,83.472,0,permanent,0.8769999999999953,1.061807615473086,144,1,13.0,0.0
Lance Stroll,Aston Martin,13,14,,2024,24,Yas Island,,83.729,0,permanent,1.1340000000000003,1.37296446516133,169,0,17.333333333333332,0.0
Kevin Magnussen,Haas F1 Team,14,16,,2024,24,Yas Island,,83.632,0,permanent,1.0370000000000061,1.2555239421272548,196,0,9.333333333333334,0.0
Guanyu Zhou,Kick Sauber,15,13,,2024,24,Yas Island,,83.88,0,permanent,1.2849999999999966,1.5557842484411848,225,0,12.0,0.0
Lewis Hamilton,Mercedes,16,4,,2024,24,Yas Island,,83.887,0,permanent,1.2920000000000016,1.5642593377323104,256,0,8.0,0.2
Jack Doohan,Alpine,17,15,,2024,24,Yas Island,,84.105,0,permanent,1.5100000000000051,1.8281978327986017,289,0,10.0,0.15
Alexander Albon,Williams,18,11,,2024,24,Yas Island,,83.821,0,permanent,1.225999999999999,1.484351352987468,324,0,17.333333333333332,0.0
Charles Leclerc,Ferrari,19,3,,2024,24,Yas Island,,83.302,1,permanent,0.7070000000000078,0.8559840184030606,361,0,3.6666666666666665,0.6
Franco Colapinto,Williams,20,19,,2024,24,Yas Island,,83.912,0,permanent,1.3170000000000073,1.5945275137720287,400,0,16.666666666666668,0.0
Lando Norris,McLaren,1,1,,2025,1,Melbourne,,75.096,1,street,0.0,0.0,1,0,5.666666666666667,0.4
Oscar Piastri,McLaren,2,9,,2025,1,Melbourne,,75.18,0,street,0.08400000000000318,0.11185682326622347,4,0,6.666666666666667,0.2
Max Verstappen,Red Bull Racing,3,2,,2025,1,Melbourne,,75.481,1,street,0.3849999999999909,0.5126771066368261,9,0,4.0,0.4
George Russell,Mercedes,4,3,,2025,1,Melbourne,,75.546,1,street,0.45000000000000284,0.5992329817833211,16,0,3.3333333333333335,0.2
Yuki Tsunoda,Racing Bulls,5,12,,2025,1,Melbourne,,75.67,0,street,0.5739999999999981,0.7643549589858288,25,0,11.333333333333334,0.0
Alexander Albon,Williams,6,5,,2025,1,Melbourne,,75.737,0,street,0.6409999999999911,0.8535740918291136,36,1,15.0,0.0
Charles Leclerc,Ferrari,7,8,,2025,1,Melbourne,,75.755,0,street,0.6589999999999918,0.8775434111004472,49,1,3.0,0.6
Lewis Hamilton,Ferrari,8,10,,2025,1,Melbourne,,75.919,0,street,0.8229999999999933,1.095930542239258,64,1,6.0,0.2
Pierre Gasly,Alpine,9,11,,2025,1,Melbourne,,75.98,0,street,0.8840000000000003,1.177159901992117,81,1,10.666666666666666,0.2
Carlos Sainz,Williams,10,18,,2025,1,Melbourne,,75.931,0,street,0.8349999999999937,1.1119100884201472,100,1,3.6666666666666665,0.6
Isack Hadjar,Racing Bulls,11,20,,2025,1,Melbourne,,76.175,0,street,1.0789999999999935,1.4368275274315456,121,1,10.0,0.15
Fernando Alonso,Aston Martin,12,17,,2025,1,Melbourne,,76.288,0,street,1.191999999999993,1.5873015873015779,144,1,9.0,0.0
Lance Stroll,Aston Martin,13,6,,2025,1,Melbourne,,76.369,0,street,1.2729999999999961,1.695163524022579,169,0,15.666666666666666,0.0
Jack Doohan,Alpine,14,19,,2025,1,Melbourne,,76.315,0,street,1.218999999999994,1.6232555662085786,196,0,15.0,0.0
Gabriel Bortoleto,Kick Sauber,15,16,,2025,1,Melbourne,,76.516,0,street,1.4200000000000017,1.8909129647384701,225,0,10.0,0.15
Andrea Kimi Antonelli,Mercedes,16,4,,2025,1,Melbourne,,76.525,0,street,1.429000000000002,1.9028976243741371,256,0,10.0,0.15
Nico Hulkenberg,Kick Sauber,17,7,,2025,1,Melbourne,,76.579,0,street,1.4829999999999899,1.974805582188119,289,0,10.666666666666666,0.0
Liam Lawson,Red Bull Racing,18,15,,2025,1,Melbourne,,77.094,0,street,1.9979999999999905,2.660594439117916,324,0,15.666666666666666,0.0
Esteban Ocon,Haas F1 Team,19,13,,2025,1,Melbourne,,77.147,0,street,2.051000000000002,2.731170768083522,361,0,13.0,0.2
Oliver Bearman,Haas F1 Team,20,14,,2025,1,Melbourne,,82.147,0,street,7.051000000000002,9.389315010120383,400,0,9.666666666666666,0.0
Oscar Piastri,McLaren,1,1,,2025,2,Shanghai,,90.641,1,permanent,0.0,0.0,1,0,7.333333333333333,0.2
George Russell,Mercedes,2,3,,2025,2,Shanghai,,90.723,1,permanent,0.08199999999999363,0.09046678655353937,4,0,4.0,0.4
Lando Norris,McLaren,3,2,,2025,2,Shanghai,,90.787,1,permanent,0.1460000000000008,0.16107501020509568,9,0,4.0,0.4
Max Verstappen,Red Bull Racing,4,4,,2025,2,Shanghai,,90.817,0,permanent,0.17599999999998772,0.19417261504174457,16,0,3.0,0.6
Lewis Hamilton,Ferrari,5,19,,2025,2,Shanghai,,90.927,0,permanent,0.28600000000000136,0.3155304994428585,25,0,8.666666666666666,0.2
Charles Leclerc,Ferrari,6,18,,2025,2,Shanghai,,91.021,0,permanent,0.37999999999999545,0.41923632793106363,36,1,4.333333333333333,0.4
Isack Hadjar,Racing Bulls,7,11,,2025,2,Shanghai,,91.079,0,permanent,0.4379999999999882,0.4832250306152714,49,1,20.0,0.0
Kimi Antonelli,Mercedes,8,6,,2025,2,Shanghai,,97.174,0,permanent,6.533000000000001,7.207555079930716,64,1,10.0,0.15
Yuki Tsunoda,Racing Bulls,9,16,,2025,2,Shanghai,,91.238,0,permanent,0.5969999999999942,0.6586423362495936,81,1,12.333333333333334,0.0
Alexander Albon,Williams,10,7,,2025,2,Shanghai,,91.503,0,permanent,0.8619999999999948,0.9510045123067868,100,1,10.333333333333334,0.0
Esteban Ocon,Haas F1 Team,11,5,,2025,2,Shanghai,,91.625,0,permanent,0.9839999999999947,1.0856014386425508,121,1,16.666666666666668,0.2
Nico Hulkenberg,Kick Sauber,12,15,,2025,2,Shanghai,,91.632,0,permanent,0.9909999999999997,1.0933242131044445,144,1,10.333333333333334,0.0
Fernando Alonso,Aston Martin,13,17,,2025,2,Shanghai,,91.688,0,permanent,1.046999999999997,1.1551064087995464,169,0,11.0,0.0
Lance Stroll,Aston Martin,14,9,,2025,2,Shanghai,,91.773,0,permanent,1.1319999999999908,1.2488829558367525,196,0,12.666666666666666,0.0
Carlos Sainz,Williams,15,10,,2025,2,Shanghai,,91.628,0,permanent,0.9869999999999948,1.0889111991262175,225,0,8.666666666666666,0.4
Pierre Gasly,Alpine,16,20,,2025,2,Shanghai,,91.992,0,permanent,1.350999999999999,1.4904954711444036,256,0,7.666666666666667,0.2
Oliver Bearman,Haas F1 Team,17,8,,2025,2,Shanghai,,92.018,0,permanent,1.3769999999999953,1.5191800620028413,289,0,12.0,0.0
Jack Doohan,Alpine,18,13,,2025,2,Shanghai,,92.092,0,permanent,1.4509999999999934,1.600820820599942,324,0,17.0,0.0
Gabriel Bortoleto,Kick Sauber,19,14,,2025,2,Shanghai,,92.141,0,permanent,1.5,1.6548802418331658,361,0,16.0,0.0
Liam Lawson,Red Bull Racing,20,12,,2025,2,Shanghai,,92.174,0,permanent,1.5330000000000013,1.691287607153497,400,0,15.333333333333334,0.0
Max Verstappen,Red Bull Racing,1,1,,2025,3,Suzuka,,86.983,1,permanent,0.0,0.0,1,0,4.0,0.4
Lando Norris,McLaren,2,2,,2025,3,Suzuka,,86.995,1,permanent,0.012000000000000455,0.013795799179150471,4,0,1.3333333333333333,0.6
Oscar Piastri,McLaren,3,3,,2025,3,Suzuka,,87.027,1,permanent,0.04399999999999693,0.05058459699021295,9,0,6.666666666666667,0.4
Charles Leclerc,Ferrari,4,4,,2025,3,Suzuka,,87.299,0,permanent,0.3160000000000025,0.3632893783842849,16,0,9.666666666666666,0.4
George Russell,Mercedes,5,5,,2025,3,Suzuka,,87.318,0,permanent,0.33499999999999375,0.38513272708459556,25,0,3.6666666666666665,0.6
Kimi Antonelli,Mercedes,6,6,,2025,3,Suzuka,,87.555,0,permanent,0.5720000000000027,0.6575997608728174,36,1,6.0,0.0
Isack Hadjar,Racing Bulls,7,8,,2025,3,Suzuka,,87.569,0,permanent,0.5859999999999985,0.6736948599151541,49,1,15.5,0.0
Lewis Hamilton,Ferrari,8,7,,2025,3,Suzuka,,87.61,0,permanent,0.6269999999999953,0.7208305071105794,64,1,11.0,0.2
Alexander Albon,Williams,9,9,,2025,3,Suzuka,,87.615,0,permanent,0.6319999999999908,0.7265787567685533,81,1,7.666666666666667,0.0
Oliver Bearman,Haas F1 Team,10,10,,2025,3,Suzuka,,87.711,0,permanent,0.7279999999999944,0.8369451502017572,100,1,11.333333333333334,0.0
Pierre Gasly,Alpine,11,13,,2025,3,Suzuka,,87.822,0,permanent,0.8389999999999986,0.964556292608899,121,1,12.666666666666666,0.0
Fernando Alonso,Aston Martin,12,11,,2025,3,Suzuka,,87.897,0,permanent,0.9140000000000015,1.0507800374785894,144,1,14.333333333333334,0.0
Liam Lawson,Racing Bulls,13,17,,2025,3,Suzuka,,87.906,0,permanent,0.9230000000000018,1.0611268868629522,169,0,14.666666666666666,0.0
Yuki Tsunoda,Red Bull Racing,14,12,,2025,3,Suzuka,,87.967,0,permanent,0.9839999999999947,1.1312555326902896,196,0,13.333333333333334,0.0
Carlos Sainz,Williams,15,14,,2025,3,Suzuka,,87.836,0,permanent,0.8529999999999944,0.9806513916512357,225,0,10.0,0.4
Nico Hulkenberg,Kick Sauber,16,16,,2025,3,Suzuka,,88.57,0,permanent,1.586999999999989,1.8244944414425681,256,0,10.0,0.0
Gabriel Bortoleto,Kick Sauber,17,19,,2025,3,Suzuka,,88.622,0,permanent,1.6389999999999958,1.8842762378855589,289,0,15.0,0.0
Esteban Ocon,Haas F1 Team,18,18,,2025,3,Suzuka,,88.696,0,permanent,1.7129999999999939,1.9693503328236481,324,0,12.666666666666666,0.2
Jack Doohan,Alpine,19,15,,2025,3,Suzuka,,88.877,0,permanent,1.8939999999999912,2.17743697044249,361,0,15.666666666666666,0.0
Lance Stroll,Aston Martin,20,20,,2025,3,Suzuka,,89.271,0,permanent,2.2879999999999967,2.630399043491253,400,0,9.666666666666666,0.0
Oscar Piastri,McLaren,1,1,,2025,4,Sakhir,,89.841,1,permanent,0.0,0.0,1,0,4.333333333333333,0.6
Charles Leclerc,Ferrari,2,4,,2025,4,Sakhir,,90.175,0,permanent,0.3340000000000032,0.3717679010696711,4,0,10.0,0.4
George Russell,Mercedes,3,2,,2025,4,Sakhir,,90.009,1,permanent,0.16800000000000637,0.18699702808295363,9,0,3.6666666666666665,0.4
Pierre Gasly,Alpine,4,7,,2025,4,Sakhir,,90.216,0,permanent,0.375,0.41740408054229144,16,0,14.666666666666666,0.0
Kimi Antonelli,Mercedes,5,11,,2025,4,Sakhir,,90.213,0,permanent,0.3719999999999999,0.414064847897953,25,0,6.0,0.0
Lando Norris,McLaren,6,3,,2025,4,Sakhir,,90.267,1,permanent,0.42600000000000193,0.4741710354960452,36,1,1.6666666666666667,0.8
Max Verstappen,Red Bull Racing,7,6,,2025,4,Sakhir,,90.423,0,permanent,0.5820000000000078,0.647811133001645,49,1,2.3333333333333335,0.6
Carlos Sainz,Williams,8,19,,2025,4,Sakhir,,90.68,0,permanent,0.8390000000000128,0.9338720628666343,64,1,14.0,0.2
Lewis Hamilton,Ferrari,9,5,,2025,4,Sakhir,,90.772,0,permanent,0.9310000000000116,1.0362751972930084,81,1,12.0,0.0
Yuki Tsunoda,Red Bull Racing,10,9,,2025,4,Sakhir,,91.228,0,permanent,1.3870000000000005,1.5438385592324224,100,1,13.333333333333334,0.0
Jack Doohan,Alpine,11,14,,2025,4,Sakhir,,91.245,0,permanent,1.4040000000000106,1.5627608775503505,121,1,15.666666666666666,0.0
Isack Hadjar,Racing Bulls,12,13,,2025,4,Sakhir,,91.271,0,permanent,1.4300000000000068,1.5917008938012789,144,1,13.0,0.0
Fernando Alonso,Aston Martin,13,15,,2025,4,Sakhir,,91.634,0,permanent,1.7930000000000064,1.9957480437662163,169,0,15.0,0.0
Esteban Ocon,Haas F1 Team,14,8,,2025,4,Sakhir,,91.594,0,permanent,1.7530000000000001,1.9512249418416985,196,0,12.0,0.0
Alexander Albon,Williams,15,12,,2025,4,Sakhir,,92.04,0,permanent,2.1990000000000123,2.447657528300011,225,0,7.0,0.0
Nico Hulkenberg,Kick Sauber,16,20,,2025,4,Sakhir,,92.067,0,permanent,2.225999999999999,2.477710622099041,256,0,12.666666666666666,0.0
Liam Lawson,Racing Bulls,17,16,,2025,4,Sakhir,,92.165,0,permanent,2.3240000000000123,2.5867922218141075,289,0,14.666666666666666,0.0
Gabriel Bortoleto,Kick Sauber,18,18,,2025,4,Sakhir,,92.186,0,permanent,2.345000000000013,2.6101668503244766,324,0,16.333333333333332,0.0
Lance Stroll,Aston Martin,19,17,,2025,4,Sakhir,,92.283,0,permanent,2.4420000000000073,2.7181353724914095,361,0,11.666666666666666,0.0
Oliver Bearman,Haas F1 Team,20,10,,2025,4,Sakhir,,92.373,0,permanent,2.5320000000000107,2.8183123518215636,400,0,10.666666666666666,0.0
Max Verstappen,Red Bull Racing,1,2,,2025,5,Jeddah,,87.294,1,street,0.0,0.0,1,0,3.6666666666666665,0.4
Oscar Piastri,McLaren,2,1,,2025,5,Jeddah,,87.304,1,street,0.010000000000005116,0.011455541045209426,4,0,1.6666666666666667,0.6
George Russell,Mercedes,3,5,,2025,5,Jeddah,,87.407,0,street,0.11299999999999955,0.12944761381079975,9,0,3.3333333333333335,0.6
Charles Leclerc,Ferrari,4,3,,2025,5,Jeddah,,87.67,1,street,0.3760000000000048,0.43072834329965953,16,0,8.666666666666666,0.2
Kimi Antonelli,Mercedes,5,6,,2025,5,Jeddah,,87.798,0,street,0.5040000000000049,0.5773592686782653,25,0,7.666666666666667,0.0
Carlos Sainz,Williams,6,8,,2025,5,Jeddah,,88.024,0,street,0.730000000000004,0.8362544962998649,36,1,14.333333333333334,0.2
Lewis Hamilton,Ferrari,7,7,,2025,5,Jeddah,,88.102,0,street,0.8080000000000069,0.925607716452456,49,1,10.333333333333334,0.0
Yuki Tsunoda,Red Bull Racing,8,19,,2025,5,Jeddah,,87.99,0,street,0.695999999999998,0.7973056567461658,64,1,12.333333333333334,0.0
Pierre Gasly,Alpine,9,20,,2025,5,Jeddah,,88.025,0,street,0.7310000000000088,0.8374000504043907,81,1,13.333333333333334,0.0
Lando Norris,McLaren,10,4,,2025,5,Jeddah,,87.481,0,street,0.1869999999999976,0.2142186175453039,100,1,2.3333333333333335,1.0
Alexander Albon,Williams,11,9,,2025,5,Jeddah,,88.109,0,street,0.8149999999999977,0.9336265951840881,121,1,9.333333333333334,0.0
Liam Lawson,Racing Bulls,12,12,,2025,5,Jeddah,,88.191,0,street,0.8970000000000056,1.0275620317547662,144,1,15.0,0.0
Fernando Alonso,Aston Martin,13,11,,2025,5,Jeddah,,88.303,0,street,1.0090000000000003,1.15586409146104,169,0,14.333333333333334,0.0
Isack Hadjar,Racing Bulls,14,10,,2025,5,Jeddah,,88.418,0,street,1.1240000000000094,1.2876028134808915,196,0,10.666666666666666,0.0
Oliver Bearman,Haas F1 Team,15,13,,2025,5,Jeddah,,88.536,0,street,1.2420000000000044,1.422778197814288,225,0,9.333333333333334,0.0
Lance Stroll,Aston Martin,16,16,,2025,5,Jeddah,,88.645,0,street,1.350999999999999,1.5476435952070007,256,0,15.333333333333334,0.0
Jack Doohan,Alpine,17,17,,2025,5,Jeddah,,88.739,0,street,1.4450000000000074,1.6553256810319237,289,0,14.0,0.0
Nico Hulkenberg,Kick Sauber,18,15,,2025,5,Jeddah,,88.782,0,street,1.4879999999999995,1.70458450752629,324,0,17.0,0.0
Esteban Ocon,Haas F1 Team,19,14,,2025,5,Jeddah,,89.092,0,street,1.7980000000000018,2.059706279927603,361,0,10.333333333333334,0.0
Gabriel Bortoleto,Kick Sauber,20,18,,2025,5,Jeddah,,89.462,0,street,2.1680000000000064,2.48356129860014,400,0,17.0,0.0
Max Verstappen,Red Bull Racing,1,4,,2025,6,Miami Gardens,,133.51,0,street,0.0,0.0,1,0,3.0,0.6
Lando Norris,McLaren,2,2,,2025,6,Miami Gardens,,133.51,1,street,0.0,0.0,4,0,3.0,0.8
Kimi Antonelli,Mercedes,3,6,,2025,6,Miami Gardens,,133.51,0,street,0.0,0.0,9,0,7.666666666666667,0.0
Oscar Piastri,McLaren,4,1,,2025,6,Miami Gardens,,133.51,1,street,0.0,0.0,16,0,1.6666666666666667,0.8
George Russell,Mercedes,5,3,,2025,6,Miami Gardens,,133.51,1,street,0.0,0.0,25,0,4.0,0.6
Carlos Sainz,Williams,6,9,,2025,6,Miami Gardens,,133.51,0,street,0.0,0.0,36,1,13.666666666666666,0.0
Alexander Albon,Williams,7,5,,2025,6,Miami Gardens,,133.51,0,street,0.0,0.0,49,1,10.0,0.0
Charles Leclerc,Ferrari,8,7,,2025,6,Miami Gardens,,133.51,0,street,0.0,0.0,64,1,3.6666666666666665,0.2
Esteban Ocon,Haas F1 Team,9,12,,2025,6,Miami Gardens,,133.51,0,street,0.0,0.0,81,1,13.333333333333334,0.0
Yuki Tsunoda,Red Bull Racing,10,10,,2025,6,Miami Gardens,,133.51,0,street,0.0,0.0,100,1,13.333333333333334,0.0
Isack Hadjar,Racing Bulls,11,11,,2025,6,Miami Gardens,,133.51,0,street,0.0,0.0,121,1,10.333333333333334,0.0
Lewis Hamilton,Ferrari,12,8,,2025,6,Miami Gardens,,133.51,0,street,0.0,0.0,144,1,6.333333333333333,0.0
Gabriel Bortoleto,Kick Sauber,13,18,,2025,6,Miami Gardens,,133.51,0,street,0.0,0.0,169,0,18.333333333333332,0.0
Jack Doohan,Alpine,14,20,,2025,6,Miami Gardens,,133.51,0,street,0.0,0.0,196,0,15.333333333333334,0.0
Liam Lawson,Racing Bulls,15,17,,2025,6,Miami Gardens,,133.51,0,street,0.0,0.0,225,0,15.0,0.0
Nico Hulkenberg,Kick Sauber,16,14,,2025,6,Miami Gardens,,133.51,0,street,0.0,0.0,256,0,17.0,0.0
Fernando Alonso,Aston Martin,17,15,,2025,6,Miami Gardens,,133.51,0,street,0.0,0.0,289,0,12.333333333333334,0.0
Lance Stroll,Aston Martin,18,16,,2025,6,Miami Gardens,,133.51,0,street,0.0,0.0,324,0,17.666666666666668,0.0
Oliver Bearman,Haas F1 Team,19,19,,2025,6,Miami Gardens,,133.51,0,street,0.0,0.0,361,0,11.0,0.0
Pierre Gasly,Alpine,20,13,,2025,6,Miami Gardens,,133.51,0,street,0.0,0.0,400,0,13.333333333333334,0.0
Oscar Piastri,McLaren,1,3,,2025,7,Imola,,74.67,1,permanent,0.0,0.0,1,0,1.0,1.0
Max Verstappen,Red Bull Racing,2,1,,2025,7,Imola,,74.704,1,permanent,0.033999999999991815,0.0455336815320635,4,0,4.0,0.4
George Russell,Mercedes,3,7,,2025,7,Imola,,74.807,0,permanent,0.13700000000000045,0.1834739520557124,9,0,3.3333333333333335,0.6
Lando Norris,McLaren,4,2,,2025,7,Imola,,74.962,1,permanent,0.2920000000000016,0.3910539708048769,16,0,3.0,0.8
Fernando Alonso,Aston Martin,5,11,,2025,7,Imola,,75.431,0,permanent,0.7609999999999957,1.0191509307620137,25,0,13.666666666666666,0.0
Carlos Sainz,Williams,6,8,,2025,7,Imola,,75.198,0,permanent,0.5279999999999916,0.7071112896745568,36,1,12.0,0.0
Alexander Albon,Williams,7,5,,2025,7,Imola,,75.473,0,permanent,0.8029999999999973,1.075398419713402,49,1,8.666666666666666,0.0
Lance Stroll,Aston Martin,8,15,,2025,7,Imola,,75.497,0,permanent,0.8269999999999982,1.107539841971338,64,1,16.333333333333332,0.0
Isack Hadjar,Racing Bulls,9,9,,2025,7,Imola,,75.51,0,permanent,0.8400000000000034,1.1249497790277265,81,1,11.333333333333334,0.0
Pierre Gasly,Alpine,10,13,,2025,7,Imola,,75.505,0,permanent,0.8349999999999937,1.1182536493906439,100,1,13.333333333333334,0.0
Charles Leclerc,Ferrari,11,6,,2025,7,Imola,,75.604,0,permanent,0.9339999999999975,1.2508370162046303,121,1,4.666666666666667,0.2
Lewis Hamilton,Ferrari,12,4,,2025,7,Imola,,75.765,0,permanent,1.0949999999999989,1.466452390518279,144,1,6.666666666666667,0.0
Kimi Antonelli,Mercedes,13,19,,2025,7,Imola,,75.772,0,permanent,1.1020000000000039,1.4758269720101833,169,0,7.666666666666667,0.0
Gabriel Bortoleto,Kick Sauber,14,18,,2025,7,Imola,,76.26,0,permanent,1.5900000000000034,2.1293692245881926,196,0,18.0,0.0
Liam Lawson,Racing Bulls,15,14,,2025,7,Imola,,76.379,0,permanent,1.7090000000000032,2.288737109950453,225,0,15.0,0.0
Franco Colapinto,Alpine,16,16,,2025,7,Imola,,76.256,0,permanent,1.5859999999999985,2.12401232087853,256,0,17.333333333333332,0.0
Nico Hulkenberg,Kick Sauber,17,12,,2025,7,Imola,,76.518,0,permanent,1.847999999999999,2.474889513860987,289,0,16.333333333333332,0.0
Esteban Ocon,Haas F1 Team,18,20,,2025,7,Imola,,76.613,0,permanent,1.9429999999999978,2.6021159769653113,324,0,11.333333333333334,0.0
Oliver Bearman,Haas F1 Team,19,17,,2025,7,Imola,,76.918,0,permanent,2.2480000000000047,3.0105798848265763,361,0,14.0,0.0
Yuki Tsunoda,Red Bull Racing,20,10,,2025,7,Imola,,81.918,0,permanent,7.248000000000005,9.70670952189635,400,0,12.666666666666666,0.0
Lando Norris,McLaren,1,1,,2025,8,Monaco,,69.954,1,street,0.0,0.0,1,0,2.6666666666666665,0.8
Charles Leclerc,Ferrari,2,2,,2025,8,Monaco,,70.063,1,street,0.10900000000000887,0.15581667953227674,4,0,5.333333333333333,0.2
Oscar Piastri,McLaren,3,3,,2025,8,Monaco,,70.129,1,street,0.17500000000001137,0.25016439374447696,9,0,1.6666666666666667,1.0
Max Verstappen,Red Bull Racing,4,4,,2025,8,Monaco,,70.669,0,street,0.7150000000000034,1.0221002372988013,16,0,2.3333333333333335,0.6
Isack Hadjar,Racing Bulls,5,6,,2025,8,Monaco,,70.923,0,street,0.9690000000000083,1.3851959859336256,25,0,10.0,0.0
Fernando Alonso,Aston Martin,6,19,,2025,8,Monaco,,70.924,0,street,0.9700000000000131,1.3866254967550293,36,1,12.333333333333334,0.0
Lewis Hamilton,Ferrari,7,5,,2025,8,Monaco,,70.382,0,street,0.4280000000000115,0.6118306315578974,49,1,6.333333333333333,0.0
Esteban Ocon,Haas F1 Team,8,7,,2025,8,Monaco,,70.942,0,street,0.9879999999999995,1.4123566915401544,64,1,15.333333333333334,0.0
Liam Lawson,Racing Bulls,9,8,,2025,8,Monaco,,71.129,0,street,1.1750000000000114,1.679675215141395,81,1,14.333333333333334,0.0
Alexander Albon,Williams,10,9,,2025,8,Monaco,,70.732,0,street,0.7780000000000058,1.1121594190468105,100,1,6.333333333333333,0.0
Carlos Sainz,Williams,11,10,,2025,8,Monaco,,71.362,0,street,1.4080000000000013,2.0127512365268623,121,1,8.333333333333334,0.0
Yuki Tsunoda,Red Bull Racing,12,17,,2025,8,Monaco,,71.415,0,street,1.4610000000000127,2.0885153100609157,144,1,13.0,0.0
Nico Hulkenberg,Kick Sauber,13,16,,2025,8,Monaco,,71.596,0,street,1.6420000000000101,2.347256768733754,169,0,13.666666666666666,0.0
George Russell,Mercedes,14,11,,2025,8,Monaco,,71.507,0,street,1.5530000000000115,2.22003030562943,196,0,5.0,0.4
Kimi Antonelli,Mercedes,15,18,,2025,8,Monaco,,71.88,0,street,1.926000000000002,2.753237842010467,225,0,10.333333333333334,0.0
Gabriel Bortoleto,Kick Sauber,16,14,,2025,8,Monaco,,71.902,0,street,1.9480000000000075,2.7846870800812074,256,0,18.0,0.0
Pierre Gasly,Alpine,17,20,,2025,8,Monaco,,71.994,0,street,2.0400000000000063,2.916202075649722,289,0,15.333333333333334,0.0
Franco Colapinto,Alpine,18,13,,2025,8,Monaco,,72.597,0,street,2.6430000000000007,3.7781971009520556,324,0,18.0,0.0
Lance Stroll,Aston Martin,19,15,,2025,8,Monaco,,72.563,0,street,2.609000000000009,3.729593733024572,361,0,15.666666666666666,0.0
Oliver Bearman,Haas F1 Team,20,12,,2025,8,Monaco,,71.979,0,street,2.0250000000000057,2.8947594133287673,400,0,16.333333333333332,0.0
Oscar Piastri,McLaren,1,1,,2025,9,Barcelona,,71.546,1,permanent,0.0,0.0,1,0,2.3333333333333335,1.0
Lando Norris,McLaren,2,2,,2025,9,Barcelona,,71.755,1,permanent,0.20899999999998897,0.29211975512256305,4,0,1.6666666666666667,0.8
Max Verstappen,Red Bull Racing,3,10,,2025,9,Barcelona,,71.848,0,permanent,0.3019999999999925,0.4221060576412273,9,0,3.0,0.4
George Russell,Mercedes,4,4,,2025,9,Barcelona,,71.848,0,permanent,0.3019999999999925,0.4221060576412273,16,0,7.0,0.4
Lewis Hamilton,Ferrari,5,6,,2025,9,Barcelona,,72.045,0,permanent,0.4989999999999952,0.6974533866323697,25,0,5.666666666666667,0.0
Kimi Antonelli,Mercedes,6,18,,2025,9,Barcelona,,72.111,0,permanent,0.5649999999999977,0.7897017303552927,36,1,14.333333333333334,0.0
Charles Leclerc,Ferrari,7,3,,2025,9,Barcelona,,72.131,1,permanent,0.5849999999999937,0.8176557739076871,49,1,5.0,0.4
Pierre Gasly,Alpine,8,8,,2025,9,Barcelona,,72.199,0,permanent,0.6529999999999916,0.9126995219858434,64,1,15.333333333333334,0.0
Isack Hadjar,Racing Bulls,9,7,,2025,9,Barcelona,,72.252,0,permanent,0.7059999999999889,0.9867777373996992,81,1,8.666666666666666,0.0
Fernando Alonso,Aston Martin,10,9,,2025,9,Barcelona,,72.284,0,permanent,0.7379999999999995,1.0315042070835538,100,1,15.0,0.0
Alexander Albon,Williams,11,19,,2025,9,Barcelona,,72.641,0,permanent,1.0949999999999989,1.5304838844938904,121,1,6.333333333333333,0.0
Gabriel Bortoleto,Kick Sauber,12,12,,2025,9,Barcelona,,72.756,0,permanent,1.2099999999999937,1.6912196349201825,144,1,16.666666666666668,0.0
Liam Lawson,Racing Bulls,13,11,,2025,9,Barcelona,,72.763,0,permanent,1.2169999999999987,1.7010035501635292,169,0,13.0,0.0
Oliver Bearman,Haas F1 Team,14,17,,2025,9,Barcelona,,73.074,0,permanent,1.5279999999999916,2.135688927403337,196,0,16.0,0.0
Nico Hulkenberg,Kick Sauber,15,5,,2025,9,Barcelona,,73.19,0,permanent,1.6439999999999912,2.2978223800072555,225,0,14.0,0.0
Esteban Ocon,Haas F1 Team,16,16,,2025,9,Barcelona,,73.201,0,permanent,1.654999999999987,2.3131971039610693,256,0,13.0,0.0
Carlos Sainz,Williams,17,14,,2025,9,Barcelona,,73.203,0,permanent,1.6569999999999965,2.315992508316323,289,0,9.0,0.0
Franco Colapinto,Alpine,18,15,,2025,9,Barcelona,,73.334,0,permanent,1.7879999999999967,2.499091493584542,324,0,16.0,0.0
Yuki Tsunoda,Red Bull Racing,19,13,,2025,9,Barcelona,,73.385,0,permanent,1.8389999999999986,2.5703743046431646,361,0,12.333333333333334,0.0
George Russell,Mercedes,1,1,,2025,10,Montréal,,70.899,1,permanent,0.0,0.0,1,0,7.333333333333333,0.2
Max Verstappen,Red Bull Racing,2,2,,2025,10,Montréal,,71.059,1,permanent,0.1599999999999966,0.22567314066488467,4,0,5.0,0.4
Oscar Piastri,McLaren,3,4,,2025,10,Montréal,,71.12,0,permanent,0.22100000000000364,0.31171102554338376,9,0,2.3333333333333335,1.0
Kimi Antonelli,Mercedes,4,3,,2025,10,Montréal,,71.391,1,permanent,0.49200000000000443,0.6939449075445414,16,0,18.333333333333332,0.0
Lewis Hamilton,Ferrari,5,6,,2025,10,Montréal,,71.526,0,permanent,0.6269999999999953,0.8843566199805291,25,0,5.0,0.0
Fernando Alonso,Aston Martin,6,7,,2025,10,Montréal,,71.586,0,permanent,0.6869999999999976,0.9689840477298659,36,1,13.0,0.0
Lando Norris,McLaren,7,18,,2025,10,Montréal,,71.599,0,permanent,0.7000000000000028,0.9873199904088956,49,1,1.6666666666666667,0.8
Charles Leclerc,Ferrari,8,5,,2025,10,Montréal,,71.626,0,permanent,0.7270000000000039,1.025402332896097,64,1,3.6666666666666665,0.6
Alexander Albon,Williams,9,20,,2025,10,Montréal,,71.892,0,permanent,0.992999999999995,1.4005839292514632,81,1,11.0,0.0
Franco Colapinto,Alpine,10,13,,2025,10,Montréal,,72.142,0,permanent,1.242999999999995,1.7531982115403533,100,1,14.666666666666666,0.0
Nico Hulkenberg,Kick Sauber,11,8,,2025,10,Montréal,,72.183,0,permanent,1.284000000000006,1.8110269538357469,121,1,11.0,0.0
Isack Hadjar,Racing Bulls,12,16,,2025,10,Montréal,,71.867,0,permanent,0.9680000000000035,1.3653225010225862,144,1,7.333333333333333,0.0
Oliver Bearman,Haas F1 Team,13,11,,2025,10,Montréal,,72.306,0,permanent,1.4069999999999965,1.984513180721867,169,0,15.333333333333334,0.0
Esteban Ocon,Haas F1 Team,14,9,,2025,10,Montréal,,72.378,0,permanent,1.4789999999999992,2.086066094021071,196,0,14.333333333333334,0.0
Gabriel Bortoleto,Kick Sauber,15,14,,2025,10,Montréal,,72.385,0,permanent,1.4860000000000042,2.095939293925167,225,0,14.666666666666666,0.0
Carlos Sainz,Williams,16,10,,2025,10,Montréal,,72.398,0,permanent,1.4989999999999952,2.114275236604177,256,0,10.666666666666666,0.0
Lance Stroll,Aston Martin,17,17,,2025,10,Montréal,,72.517,0,permanent,1.617999999999995,2.282119634973688,289,0,15.333333333333334,0.0
Yuki Tsunoda,Red Bull Racing,18,12,,2025,10,Montréal,,72.102,0,permanent,1.203000000000003,1.6967799263741419,324,0,13.333333333333334,0.0
Liam Lawson,Racing Bulls,19,19,,2025,10,Montréal,,72.525,0,permanent,1.6260000000000048,2.2934032920069463,361,0,11.0,0.0
Pierre Gasly,Alpine,20,15,,2025,10,Montréal,,72.667,0,permanent,1.7680000000000007,2.4936882043470296,400,0,13.666666666666666,0.0
Lando Norris,McLaren,1,1,,2025,11,Spielberg,,63.971,1,permanent,0.0,0.0,1,0,7.0,0.8
Charles Leclerc,Ferrari,2,3,,2025,11,Spielberg,,64.492,1,permanent,0.5210000000000079,0.8144315392912537,4,0,3.3333333333333335,0.4
Oscar Piastri,McLaren,3,2,,2025,11,Spielberg,,64.554,1,permanent,0.5830000000000055,0.9113504556752364,9,0,2.6666666666666665,0.8
Lewis Hamilton,Ferrari,4,4,,2025,11,Spielberg,,64.582,0,permanent,0.6109999999999971,0.9551202888808946,16,0,5.666666666666667,0.0
George Russell,Mercedes,5,5,,2025,11,Spielberg,,64.763,0,permanent,0.7920000000000087,1.2380609963890024,25,0,5.333333333333333,0.4
Liam Lawson,Racing Bulls,6,6,,2025,11,Spielberg,,64.926,0,permanent,0.9550000000000054,1.4928639539791555,36,1,12.666666666666666,0.0
Max Verstappen,Red Bull Racing,7,18,,2025,11,Spielberg,,64.836,0,permanent,0.865000000000002,1.3521752043894921,49,1,5.333333333333333,0.4
Gabriel Bortoleto,Kick Sauber,8,8,,2025,11,Spielberg,,64.846,0,permanent,0.8750000000000071,1.3678072876772398,64,1,13.333333333333334,0.0
Kimi Antonelli,Mercedes,9,19,,2025,11,Spielberg,,65.052,0,permanent,1.0810000000000102,1.6898282034046839,81,1,13.0,0.2
Pierre Gasly,Alpine,10,13,,2025,11,Spielberg,,64.846,0,permanent,0.8750000000000071,1.3678072876772398,100,1,14.333333333333334,0.0
Fernando Alonso,Aston Martin,11,7,,2025,11,Spielberg,,65.128,0,permanent,1.1570000000000036,1.8086320363914956,121,1,11.666666666666666,0.0
Alexander Albon,Williams,12,17,,2025,11,Spielberg,,65.143,0,permanent,1.1720000000000041,1.8320801613231061,144,1,16.0,0.0
Isack Hadjar,Racing Bulls,13,12,,2025,11,Spielberg,,65.063,0,permanent,1.0920000000000059,1.7070234950211907,169,0,9.666666666666666,0.0
Franco Colapinto,Alpine,14,15,,2025,11,Spielberg,,65.278,0,permanent,1.3070000000000093,2.0431132857076006,196,0,13.666666666666666,0.0
Oliver Bearman,Haas F1 Team,15,11,,2025,11,Spielberg,,65.218,0,permanent,1.247000000000007,1.9493207859811588,225,0,13.333333333333334,0.0
Lance Stroll,Aston Martin,16,14,,2025,11,Spielberg,,65.329,0,permanent,1.357999999999997,2.1228369104750544,256,0,15.666666666666666,0.0
Esteban Ocon,Haas F1 Team,17,10,,2025,11,Spielberg,,65.364,0,permanent,1.3930000000000078,2.1775492019821603,289,0,10.666666666666666,0.0
Yuki Tsunoda,Red Bull Racing,18,16,,2025,11,Spielberg,,65.369,0,permanent,1.3980000000000032,2.185365243626023,324,0,14.0,0.0
Carlos Sainz,Williams,19,20,,2025,11,Spielberg,,65.582,0,permanent,1.610999999999997,2.5183286176548707,361,0,11.333333333333334,0.0
Nico Hulkenberg,Kick Sauber,20,9,,2025,11,Spielberg,,65.606,0,permanent,1.634999999999998,2.5558456175454474,400,0,9.666666666666666,0.0
Max Verstappen,Red Bull Racing,1,5,,2025,12,Silverstone,,84.892,0,permanent,0.0,0.0,1,0,10.0,0.4
Oscar Piastri,McLaren,2,2,,2025,12,Silverstone,,84.995,1,permanent,0.10300000000000864,0.1213306318616697,4,0,2.3333333333333335,0.8
Lando Norris,McLaren,3,1,,2025,12,Silverstone,,85.01,1,permanent,0.11800000000000921,0.13900014135608682,9,0,7.0,0.8
George Russell,Mercedes,4,10,,2025,12,Silverstone,,85.029,0,permanent,0.13700000000000045,0.161381520049004,16,0,3.3333333333333335,0.2
Lewis Hamilton,Ferrari,5,4,,2025,12,Silverstone,,85.084,0,permanent,0.19200000000000728,0.22616972152853893,25,0,5.333333333333333,0.0
Charles Leclerc,Ferrari,6,14,,2025,12,Silverstone,,85.121,0,permanent,0.2289999999999992,0.2697545116147566,36,1,3.6666666666666665,0.6
Fernando Alonso,Aston Martin,7,9,,2025,12,Silverstone,,85.593,0,permanent,0.7010000000000076,0.8257550770390704,49,1,7.666666666666667,0.0
Pierre Gasly,Alpine,8,6,,2025,12,Silverstone,,85.711,0,permanent,0.8190000000000026,0.9647552183951404,64,1,12.0,0.0
Carlos Sainz,Williams,9,12,,2025,12,Silverstone,,85.746,0,permanent,0.8539999999999992,1.0059840738821082,81,1,14.666666666666666,0.0
Kimi Antonelli,Mercedes,10,16,,2025,12,Silverstone,,85.374,0,permanent,0.4819999999999993,0.5677802384205807,100,1,13.333333333333334,0.2
Yuki Tsunoda,Red Bull Racing,11,15,,2025,12,Silverstone,,85.826,0,permanent,0.9339999999999975,1.100221457852327,121,1,13.666666666666666,0.0
Isack Hadjar,Racing Bulls,12,17,,2025,12,Silverstone,,85.864,0,permanent,0.9720000000000084,1.1449842152381948,144,1,11.666666666666666,0.0
Alexander Albon,Williams,13,8,,2025,12,Silverstone,,85.889,0,permanent,0.9969999999999999,1.174433397728879,169,0,18.666666666666668,0.0
Esteban Ocon,Haas F1 Team,14,13,,2025,12,Silverstone,,85.95,0,permanent,1.058000000000007,1.2462894030061809,196,0,11.666666666666666,0.0
Liam Lawson,Racing Bulls,15,19,,2025,12,Silverstone,,86.44,0,permanent,1.5480000000000018,1.8234933798237782,225,0,12.0,0.0
Gabriel Bortoleto,Kick Sauber,16,18,,2025,12,Silverstone,,86.446,0,permanent,1.554000000000002,1.830561183621545,256,0,11.333333333333334,0.0
Lance Stroll,Aston Martin,17,7,,2025,12,Silverstone,,86.504,0,permanent,1.612000000000009,1.8988832869999634,289,0,15.333333333333334,0.0
Oliver Bearman,Haas F1 Team,18,11,,2025,12,Silverstone,,85.471,0,permanent,0.5790000000000077,0.6820430664844835,324,0,13.0,0.0
Nico Hulkenberg,Kick Sauber,19,3,,2025,12,Silverstone,,86.574,1,permanent,1.6820000000000022,1.981340997973899,361,0,7.333333333333333,0.0
Franco Colapinto,Alpine,20,20,,2025,12,Silverstone,,87.06,0,permanent,2.1680000000000064,2.553833105592996,400,0,14.333333333333334,0.0
Lando Norris,McLaren,1,2,,2025,13,Spa-Francorchamps,,100.562,1,permanent,0.0,0.0,1,0,6.666666666666667,0.8
Oscar Piastri,McLaren,2,1,,2025,13,Spa-Francorchamps,,100.626,1,permanent,0.06400000000000716,0.06364233010481808,4,0,2.6666666666666665,0.8
Charles Leclerc,Ferrari,3,3,,2025,13,Spa-Francorchamps,,100.9,1,permanent,0.33800000000000807,0.3361110558660409,9,0,7.333333333333333,0.6
Max Verstappen,Red Bull Racing,4,4,,2025,13,Spa-Francorchamps,,100.903,0,permanent,0.3410000000000082,0.33909429008970404,16,0,8.333333333333334,0.2
Alexander Albon,Williams,5,6,,2025,13,Spa-Francorchamps,,101.201,0,permanent,0.6389999999999958,0.6354288896402178,25,0,15.0,0.0
George Russell,Mercedes,6,5,,2025,13,Spa-Francorchamps,,101.254,0,permanent,0.6920000000000073,0.6881326942582757,36,1,5.333333333333333,0.2
Yuki Tsunoda,Red Bull Racing,7,13,,2025,13,Spa-Francorchamps,,101.245,0,permanent,0.6830000000000069,0.6791829915872863,49,1,14.333333333333334,0.0
Isack Hadjar,Racing Bulls,8,20,,2025,13,Spa-Francorchamps,,101.281,0,permanent,0.7190000000000083,0.714981802271244,64,1,15.0,0.0
Liam Lawson,Racing Bulls,9,8,,2025,13,Spa-Francorchamps,,101.297,0,permanent,0.7349999999999994,0.7308923847974378,81,1,14.666666666666666,0.0
Gabriel Bortoleto,Kick Sauber,10,9,,2025,13,Spa-Francorchamps,,101.336,0,permanent,0.7740000000000009,0.7696744297050585,100,1,13.333333333333334,0.0
Esteban Ocon,Haas F1 Team,11,15,,2025,13,Spa-Francorchamps,,101.525,0,permanent,0.9630000000000081,0.9576181857958355,121,1,10.666666666666666,0.0
Oliver Bearman,Haas F1 Team,12,11,,2025,13,Spa-Francorchamps,,101.617,0,permanent,1.0550000000000068,1.0491040353215,144,1,11.0,0.0
Pierre Gasly,Alpine,13,10,,2025,13,Spa-Francorchamps,,101.633,0,permanent,1.070999999999998,1.0650146178476938,169,0,11.333333333333334,0.0
Nico Hulkenberg,Kick Sauber,14,12,,2025,13,Spa-Francorchamps,,101.707,0,permanent,1.144999999999996,1.1386010620313798,196,0,6.666666666666667,0.2
Franco Colapinto,Alpine,15,19,,2025,13,Spa-Francorchamps,,102.022,0,permanent,1.460000000000008,1.451840655516008,225,0,16.0,0.0
Lance Stroll,Aston Martin,16,14,,2025,13,Spa-Francorchamps,,102.502,0,permanent,1.9399999999999977,1.9291581313020802,256,0,12.666666666666666,0.0
Carlos Sainz,Williams,17,18,,2025,13,Spa-Francorchamps,,101.691,0,permanent,1.1290000000000049,1.1226904795051857,289,0,14.0,0.0
Lewis Hamilton,Ferrari,18,7,,2025,13,Spa-Francorchamps,,101.939,0,permanent,1.3769999999999953,1.3693045086613187,324,0,4.666666666666667,0.0
Kimi Antonelli,Mercedes,19,16,,2025,13,Spa-Francorchamps,,102.139,0,permanent,1.5769999999999982,1.5681867902388558,361,0,12.666666666666666,0.2
Fernando Alonso,Aston Martin,20,17,,2025,13,Spa-Francorchamps,,102.385,0,permanent,1.8230000000000075,1.8128119965792322,400,0,7.666666666666667,0.0
Charles Leclerc,Ferrari,1,4,,2025,14,Budapest,,75.372,0,permanent,0.4819999999999993,0.6436106289224187,1,0,6.666666666666667,0.6
Oscar Piastri,McLaren,2,2,,2025,14,Budapest,,74.941,1,permanent,0.05100000000000193,0.06809987982374408,4,0,1.6666666666666667,0.8
Lando Norris,McLaren,3,1,,2025,14,Budapest,,74.89,1,permanent,0.0,0.0,9,0,1.3333333333333333,0.8
George Russell,Mercedes,4,3,,2025,14,Budapest,,75.201,1,permanent,0.31099999999999284,0.41527573774868853,16,0,6.666666666666667,0.2
Fernando Alonso,Aston Martin,5,5,,2025,14,Budapest,,75.281,0,permanent,0.39100000000000534,0.5220990786486919,25,0,11.0,0.0
Lance Stroll,Aston Martin,6,7,,2025,14,Budapest,,75.129,0,permanent,0.23900000000000432,0.3191347309387159,36,1,11.666666666666666,0.0
Gabriel Bortoleto,Kick Sauber,7,6,,2025,14,Budapest,,75.586,0,permanent,0.695999999999998,0.929363065829881,49,1,11.666666666666666,0.0
Max Verstappen,Red Bull Racing,8,9,,2025,14,Budapest,,75.547,0,permanent,0.6569999999999965,0.8772866871411357,64,1,9.0,0.2
Liam Lawson,Racing Bulls,9,8,,2025,14,Budapest,,75.63,0,permanent,0.7399999999999949,0.9881159033248696,81,1,11.0,0.0
Isack Hadjar,Racing Bulls,10,11,,2025,14,Budapest,,75.469,0,permanent,0.5789999999999935,0.7731339297636447,100,1,16.333333333333332,0.0
Oliver Bearman,Haas F1 Team,11,20,,2025,14,Budapest,,75.694,0,permanent,0.804000000000002,1.0735745760448685,121,1,11.0,0.0
Lewis Hamilton,Ferrari,12,12,,2025,14,Budapest,,75.702,0,permanent,0.8119999999999976,1.0842569101348614,144,1,5.0,0.0
Carlos Sainz,Williams,13,14,,2025,14,Budapest,,75.652,0,permanent,0.7620000000000005,1.0174923220723733,169,0,16.666666666666668,0.0
Franco Colapinto,Alpine,14,18,,2025,14,Budapest,,75.875,0,permanent,0.9849999999999994,1.315262384831085,196,0,18.0,0.0
Kimi Antonelli,Mercedes,15,10,,2025,14,Budapest,,75.782,0,permanent,0.8919999999999959,1.1910802510348457,225,0,17.0,0.2
Pierre Gasly,Alpine,16,19,,2025,14,Budapest,,75.966,0,permanent,1.0759999999999934,1.4367739351048114,256,0,9.666666666666666,0.0
Esteban Ocon,Haas F1 Team,17,16,,2025,14,Budapest,,76.023,0,permanent,1.1329999999999956,1.512885565496055,289,0,12.666666666666666,0.0
Nico Hulkenberg,Kick Sauber,18,13,,2025,14,Budapest,,76.081,0,permanent,1.1910000000000025,1.5903324876485543,324,0,8.0,0.2
Alexander Albon,Williams,19,15,,2025,14,Budapest,,76.223,0,permanent,1.3329999999999984,1.7799439177460255,361,0,10.333333333333334,0.0
Yuki Tsunoda,Red Bull Racing,20,17,,2025,14,Budapest,,75.899,0,permanent,1.0090000000000003,1.3473093871010822,400,0,14.666666666666666,0.0
Oscar Piastri,McLaren,1,1,,2025,15,Zandvoort,,68.662,1,permanent,0.0,0.0,1,0,1.6666666666666667,0.8
Lando Norris,McLaren,2,18,,2025,15,Zandvoort,,68.674,0,permanent,0.012000000000000455,0.017476915906906955,4,0,1.3333333333333333,0.8
Max Verstappen,Red Bull Racing,3,2,,2025,15,Zandvoort,,68.925,1,permanent,0.262999999999991,0.3830357402930165,9,0,6.0,0.2
Isack Hadjar,Racing Bulls,4,3,,2025,15,Zandvoort,,69.208,1,permanent,0.5459999999999923,0.7951996737642251,16,0,16.0,0.0
George Russell,Mercedes,5,4,,2025,15,Zandvoort,,69.255,0,permanent,0.5929999999999893,0.8636509277329371,25,0,6.0,0.4
Charles Leclerc,Ferrari,6,19,,2025,15,Zandvoort,,69.304,0,permanent,0.6419999999999959,0.9350150010194807,36,1,7.0,0.4
Lewis Hamilton,Ferrari,7,20,,2025,15,Zandvoort,,69.261,0,permanent,0.5989999999999895,0.8723893856863906,49,1,7.666666666666667,0.0
Liam Lawson,Racing Bulls,8,12,,2025,15,Zandvoort,,69.383,0,permanent,0.7209999999999894,1.050071364073271,64,1,11.666666666666666,0.0
Carlos Sainz,Williams,9,13,,2025,15,Zandvoort,,69.472,0,permanent,0.8099999999999881,1.1796918237161573,81,1,14.666666666666666,0.0
Fernando Alonso,Aston Martin,10,8,,2025,15,Zandvoort,,69.366,0,permanent,0.7039999999999935,1.0253123998718263,100,1,10.333333333333334,0.0
Kimi Antonelli,Mercedes,11,16,,2025,15,Zandvoort,,69.493,0,permanent,0.8309999999999889,1.2102764265532446,121,1,14.0,0.2
Yuki Tsunoda,Red Bull Racing,12,9,,2025,15,Zandvoort,,69.622,0,permanent,0.9599999999999937,1.3981532725524943,144,1,15.0,0.0
Gabriel Bortoleto,Kick Sauber,13,15,,2025,15,Zandvoort,,69.622,0,permanent,0.9599999999999937,1.3981532725524943,169,0,11.0,0.0
Pierre Gasly,Alpine,14,17,,2025,15,Zandvoort,,69.637,0,permanent,0.9749999999999943,1.4199994174361281,196,0,11.666666666666666,0.0
Alexander Albon,Williams,15,5,,2025,15,Zandvoort,,69.652,0,permanent,0.9899999999999949,1.4418455623197617,225,0,9.666666666666666,0.0
Franco Colapinto,Alpine,16,11,,2025,15,Zandvoort,,70.104,0,permanent,1.441999999999993,2.100142728146563,256,0,19.0,0.0
Nico Hulkenberg,Kick Sauber,17,14,,2025,15,Zandvoort,,70.195,0,permanent,1.532999999999987,2.23267600710726,289,0,9.333333333333334,0.2
Esteban Ocon,Haas F1 Team,18,10,,2025,15,Zandvoort,,70.197,0,permanent,1.5349999999999966,2.235588826425092,324,0,14.666666666666666,0.0
Lance Stroll,Aston Martin,19,7,,2025,15,Zandvoort,,75.262,0,permanent,6.599999999999994,9.612303748798452,361,0,9.333333333333334,0.0
Oliver Bearman,Haas F1 Team,20,6,,2025,15,Zandvoort,,70.262,0,permanent,1.5999999999999943,2.330255454254164,400,0,14.0,0.0
Max Verstappen,Red Bull Racing,1,1,,2025,16,Monza,,78.792,1,permanent,0.0,0.0,1,0,5.0,0.2
Lando Norris,McLaren,2,2,,2025,16,Monza,,78.869,1,permanent,0.07699999999999818,0.09772565742714766,4,0,7.0,0.8
Oscar Piastri,McLaren,3,3,,2025,16,Monza,,78.982,1,permanent,0.18999999999999773,0.24114123261244508,9,0,1.3333333333333333,1.0
Charles Leclerc,Ferrari,4,4,,2025,16,Monza,,79.007,0,permanent,0.2150000000000034,0.27287034216672174,16,0,8.666666666666666,0.4
George Russell,Mercedes,5,5,,2025,16,Monza,,79.157,0,permanent,0.3649999999999949,0.4632449994923278,25,0,4.0,0.2
Kimi Antonelli,Mercedes,6,9,,2025,16,Monza,,79.2,0,permanent,0.40800000000000125,0.5178190679256793,36,1,14.0,0.0
Gabriel Bortoleto,Kick Sauber,7,8,,2025,16,Monza,,79.323,0,permanent,0.5309999999999917,0.673926286932673,49,1,10.0,0.0
Fernando Alonso,Aston Martin,8,19,,2025,16,Monza,,79.362,0,permanent,0.5699999999999932,0.7234236978373353,64,1,10.0,0.0
Yuki Tsunoda,Red Bull Racing,9,13,,2025,16,Monza,,79.433,0,permanent,0.6410000000000053,0.8135343689714759,81,1,13.0,0.0
Lewis Hamilton,Ferrari,10,6,,2025,16,Monza,,79.124,0,permanent,0.33199999999999363,0.4213625748806905,100,1,13.0,0.0
Oliver Bearman,Haas F1 Team,11,12,,2025,16,Monza,,79.446,0,permanent,0.6539999999999964,0.8300335059396847,121,1,12.333333333333334,0.0
Nico Hulkenberg,Kick Sauber,12,20,,2025,16,Monza,,79.498,0,permanent,0.7060000000000031,0.8960300538125737,144,1,13.0,0.2
Carlos Sainz,Williams,13,11,,2025,16,Monza,,79.528,0,permanent,0.7360000000000042,0.9341049852776985,169,0,15.0,0.0
Alexander Albon,Williams,14,7,,2025,16,Monza,,79.583,0,permanent,0.7909999999999968,1.003909026297082,196,0,8.666666666666666,0.0
Esteban Ocon,Haas F1 Team,15,15,,2025,16,Monza,,79.707,0,permanent,0.914999999999992,1.1612854096862524,225,0,13.666666666666666,0.0
Lance Stroll,Aston Martin,16,18,,2025,16,Monza,,79.948,0,permanent,1.1559999999999917,1.4671540257894098,256,0,9.333333333333334,0.0
Franco Colapinto,Alpine,17,17,,2025,16,Monza,,79.992,0,permanent,1.2000000000000028,1.522997258604938,289,0,16.0,0.0
Liam Lawson,Racing Bulls,18,14,,2025,16,Monza,,80.279,0,permanent,1.4869999999999948,1.8872474362879414,324,0,9.333333333333334,0.0
Isack Hadjar,Racing Bulls,19,10,,2025,16,Monza,,79.917,0,permanent,1.125,1.427809929942126,361,0,11.333333333333334,0.2
Pierre Gasly,Alpine,20,16,,2025,16,Monza,,80.103,0,permanent,1.3109999999999928,1.6638745050258819,400,0,15.333333333333334,0.0
Max Verstappen,Red Bull Racing,1,1,,2025,17,Baku,,101.117,1,street,0.0,0.0,1,0,4.0,0.4
Carlos Sainz,Williams,2,3,,2025,17,Baku,,101.595,1,street,0.47799999999999443,0.472719720719557,4,0,12.666666666666666,0.0
Liam Lawson,Racing Bulls,3,5,,2025,17,Baku,,101.537,0,street,0.4200000000000017,0.41536042406321555,9,0,11.333333333333334,0.0
Kimi Antonelli,Mercedes,4,4,,2025,17,Baku,,101.464,0,street,0.3469999999999942,0.34316682654745906,16,0,11.666666666666666,0.0
George Russell,Mercedes,5,2,,2025,17,Baku,,101.455,1,street,0.33799999999999386,0.3342662460318184,25,0,4.0,0.2
Yuki Tsunoda,Red Bull Racing,6,6,,2025,17,Baku,,101.788,0,street,0.6709999999999923,0.6635877251105079,36,1,13.0,0.0
Lando Norris,McLaren,7,7,,2025,17,Baku,,101.322,0,street,0.2049999999999983,0.20273544507847177,49,1,7.0,0.8
Isack Hadjar,Racing Bulls,8,10,,2025,17,Baku,,101.647,0,street,0.5300000000000011,0.524145297032152,64,1,8.0,0.2
Oscar Piastri,McLaren,9,20,,2025,17,Baku,,101.414,0,street,0.29699999999999704,0.2937191570161269,81,1,2.0,1.0
Charles Leclerc,Ferrari,10,9,,2025,17,Baku,,101.458,0,street,0.340999999999994,0.3372331062036986,100,1,9.0,0.2
Fernando Alonso,Aston Martin,11,15,,2025,17,Baku,,101.857,0,street,0.7399999999999949,0.7318255090637527,121,1,10.666666666666666,0.0
Lewis Hamilton,Ferrari,12,8,,2025,17,Baku,,101.821,0,street,0.7039999999999935,0.6962231870011902,144,1,12.666666666666666,0.0
Gabriel Bortoleto,Kick Sauber,13,11,,2025,17,Baku,,102.277,0,street,1.1599999999999966,1.1471859331269683,169,0,9.666666666666666,0.0
Lance Stroll,Aston Martin,14,17,,2025,17,Baku,,102.101,0,street,0.9839999999999947,0.9731301363766672,196,0,10.666666666666666,0.0
Oliver Bearman,Haas F1 Team,15,12,,2025,17,Baku,,102.666,0,street,1.5489999999999924,1.5318888020807502,225,0,12.666666666666666,0.0
Franco Colapinto,Alpine,16,19,,2025,17,Baku,,102.779,0,street,1.661999999999992,1.643640535221567,256,0,15.333333333333334,0.0
Nico Hulkenberg,Kick Sauber,17,16,,2025,17,Baku,,102.916,0,street,1.7989999999999924,1.7791271497374255,289,0,15.666666666666666,0.2
Pierre Gasly,Alpine,18,18,,2025,17,Baku,,103.139,0,street,2.0219999999999914,1.9996637558471784,324,0,17.333333333333332,0.0
Alexander Albon,Williams,19,13,,2025,17,Baku,,103.778,0,street,2.6610000000000014,2.6316049724576493,361,0,9.0,0.0
Esteban Ocon,Haas F1 Team,20,14,,2025,17,Baku,,108.778,0,street,7.661000000000001,7.576371925591148,400,0,13.666666666666666,0.0
George Russell,Mercedes,1,1,,2025,18,Marina Bay,,89.158,1,street,0.0,0.0,1,0,3.6666666666666665,0.4
Max Verstappen,Red Bull Racing,2,2,,2025,18,Marina Bay,,89.34,1,street,0.18200000000000216,0.20413199039906924,4,0,1.3333333333333333,0.6
Oscar Piastri,McLaren,3,4,,2025,18,Marina Bay,,89.524,0,street,0.36599999999999966,0.4105071894838373,9,0,8.0,0.8
Kimi Antonelli,Mercedes,4,5,,2025,18,Marina Bay,,89.537,0,street,0.3790000000000049,0.4250880459409193,16,0,9.666666666666666,0.0
Lando Norris,McLaren,5,3,,2025,18,Marina Bay,,89.586,1,street,0.42799999999999727,0.48004665874065955,25,0,9.0,0.6
Lewis Hamilton,Ferrari,6,8,,2025,18,Marina Bay,,89.688,0,street,0.5300000000000011,0.5944503017115694,36,1,11.333333333333334,0.0
Charles Leclerc,Ferrari,7,6,,2025,18,Marina Bay,,89.784,0,street,0.6260000000000048,0.7021243186253671,49,1,10.666666666666666,0.2
Isack Hadjar,Racing Bulls,8,11,,2025,18,Marina Bay,,89.846,0,street,0.6880000000000024,0.7716637878821894,64,1,7.666666666666667,0.2
Oliver Bearman,Haas F1 Team,9,9,,2025,18,Marina Bay,,89.868,0,street,0.7099999999999937,0.796339083424924,81,1,10.0,0.0
Fernando Alonso,Aston Martin,10,7,,2025,18,Marina Bay,,89.955,0,street,0.796999999999997,0.893918661253053,100,1,14.0,0.0
Nico Hulkenberg,Kick Sauber,11,20,,2025,18,Marina Bay,,90.141,0,street,0.9830000000000041,1.1025370690235359,121,1,16.666666666666668,0.0
Liam Lawson,Racing Bulls,12,15,,2025,18,Marina Bay,,90.32,0,street,1.161999999999992,1.303304246394033,144,1,10.333333333333334,0.0
Yuki Tsunoda,Red Bull Racing,13,12,,2025,18,Marina Bay,,90.353,0,street,1.1949999999999932,1.3403171897081507,169,0,9.333333333333334,0.0
Gabriel Bortoleto,Kick Sauber,14,17,,2025,18,Marina Bay,,90.82,0,street,1.661999999999992,1.8641064178200408,196,0,11.333333333333334,0.0
Lance Stroll,Aston Martin,15,13,,2025,18,Marina Bay,,90.949,0,street,1.7909999999999968,2.0087933780479563,225,0,14.0,0.0
Franco Colapinto,Alpine,16,16,,2025,18,Marina Bay,,90.982,0,street,1.823999999999998,2.045806321362074,256,0,15.666666666666666,0.0
Esteban Ocon,Haas F1 Team,17,18,,2025,18,Marina Bay,,90.989,0,street,1.831000000000003,2.053657551762044,289,0,13.0,0.0
Carlos Sainz,Williams,18,10,,2025,18,Marina Bay,,96.261,0,street,7.102999999999994,7.96675564727786,324,0,9.0,0.2
Pierre Gasly,Alpine,19,19,,2025,18,Marina Bay,,91.261,0,street,2.1029999999999944,2.3587339330177826,361,0,17.0,0.0
Alexander Albon,Williams,20,14,,2025,18,Marina Bay,,96.261,0,street,7.102999999999994,7.96675564727786,400,0,8.333333333333334,0.0
Max Verstappen,Red Bull Racing,1,1,,2025,19,Austin,,92.51,1,permanent,0.0,0.0,1,0,1.3333333333333333,0.8
Lando Norris,McLaren,2,2,,2025,19,Austin,,92.801,1,permanent,0.2909999999999968,0.31456058804453224,4,0,4.0,0.6
Charles Leclerc,Ferrari,3,3,,2025,19,Austin,,92.807,1,permanent,0.29699999999999704,0.32104637336503844,9,0,6.333333333333333,0.0
George Russell,Mercedes,4,6,,2025,19,Austin,,92.826,0,permanent,0.3159999999999883,0.3415846935466309,16,0,2.6666666666666665,0.6
Lewis Hamilton,Ferrari,5,4,,2025,19,Austin,,92.912,0,permanent,0.402000000000001,0.4345476164738958,25,0,7.333333333333333,0.0
Oscar Piastri,McLaren,6,5,,2025,19,Austin,,93.084,0,permanent,0.5739999999999981,0.6204734623283947,36,1,9.0,0.6
Kimi Antonelli,Mercedes,7,13,,2025,19,Austin,,93.044,0,permanent,0.5339999999999918,0.5772348935250154,49,1,6.0,0.0
Oliver Bearman,Haas F1 Team,8,9,,2025,19,Austin,,93.139,0,permanent,0.6289999999999907,0.6799264944330242,64,1,11.0,0.0
Carlos Sainz,Williams,9,20,,2025,19,Austin,,93.124,0,permanent,0.6139999999999901,0.6637120311317588,81,1,8.0,0.2
Fernando Alonso,Aston Martin,10,10,,2025,19,Austin,,93.16,0,permanent,0.6499999999999915,0.7026267430547956,100,1,13.666666666666666,0.0
Nico Hulkenberg,Kick Sauber,11,8,,2025,19,Austin,,93.334,0,permanent,0.8239999999999981,0.8907145173494736,121,1,18.666666666666668,0.0
Liam Lawson,Racing Bulls,12,11,,2025,19,Austin,,93.36,0,permanent,0.8499999999999943,0.9188195870716617,144,1,11.333333333333334,0.0
Yuki Tsunoda,Red Bull Racing,13,7,,2025,19,Austin,,93.466,0,permanent,0.9559999999999889,1.033401794400593,169,0,10.333333333333334,0.0
Pierre Gasly,Alpine,14,19,,2025,19,Austin,,93.599,0,permanent,1.0889999999999986,1.1771700356718178,196,0,17.666666666666668,0.0
Franco Colapinto,Alpine,15,17,,2025,19,Austin,,94.039,0,permanent,1.5289999999999964,1.652794292508914,225,0,17.333333333333332,0.0
Gabriel Bortoleto,Kick Sauber,16,18,,2025,19,Austin,,94.125,0,permanent,1.6149999999999949,1.7457572154361636,256,0,12.0,0.0
Esteban Ocon,Haas F1 Team,17,15,,2025,19,Austin,,94.136,0,permanent,1.6259999999999906,1.7576478218570863,289,0,15.666666666666666,0.0
Alexander Albon,Williams,18,14,,2025,19,Austin,,94.69,0,permanent,2.1799999999999926,2.356501999783799,324,0,11.333333333333334,0.0
Lance Stroll,Aston Martin,19,12,,2025,19,Austin,,94.54,0,permanent,2.030000000000001,2.194357366771161,361,0,16.0,0.0
Isack Hadjar,Racing Bulls,20,16,,2025,19,Austin,,99.69,0,permanent,7.179999999999993,7.7613231002053755,400,0,10.333333333333334,0.2
Lando Norris,McLaren,1,1,,2025,20,Mexico City,,75.586,1,permanent,0.0,0.0,1,0,4.0,0.6
Charles Leclerc,Ferrari,2,2,,2025,20,Mexico City,,75.848,1,permanent,0.26200000000000045,0.34662503638239944,4,0,6.0,0.2
Lewis Hamilton,Ferrari,3,8,,2025,20,Mexico City,,75.938,0,permanent,0.35200000000000387,0.4656947053687242,9,0,6.666666666666667,0.0
George Russell,Mercedes,4,7,,2025,20,Mexico City,,76.034,0,permanent,0.4480000000000075,0.5927023522874706,16,0,3.0,0.4
Max Verstappen,Red Bull Racing,5,3,,2025,20,Mexico City,,76.07,1,permanent,0.48399999999999466,0.6403302198819817,25,0,1.3333333333333333,1.0
Kimi Antonelli,Mercedes,6,6,,2025,20,Mexico City,,76.118,0,permanent,0.5319999999999965,0.7038340433413549,36,1,7.333333333333333,0.0
Oscar Piastri,McLaren,7,5,,2025,20,Mexico City,,76.174,0,permanent,0.5880000000000081,0.7779218373773028,49,1,9.666666666666666,0.4
Isack Hadjar,Racing Bulls,8,13,,2025,20,Mexico City,,76.252,0,permanent,0.6659999999999968,0.8811155504987653,64,1,12.333333333333334,0.2
Oliver Bearman,Haas F1 Team,9,4,,2025,20,Mexico City,,76.46,0,permanent,0.8739999999999952,1.15629878548937,81,1,10.0,0.0
Yuki Tsunoda,Red Bull Racing,10,11,,2025,20,Mexico City,,76.816,0,permanent,1.230000000000004,1.6272854761463815,100,1,8.333333333333334,0.0
Esteban Ocon,Haas F1 Team,11,9,,2025,20,Mexico City,,76.837,0,permanent,1.2510000000000048,1.6550683989098574,121,1,15.666666666666666,0.0
Carlos Sainz,Williams,12,17,,2025,20,Mexico City,,76.172,0,permanent,0.5859999999999985,0.7752758447331497,144,1,11.0,0.2
Nico Hulkenberg,Kick Sauber,13,19,,2025,20,Mexico City,,77.016,0,permanent,1.4300000000000068,1.8918847405604302,169,0,14.666666666666666,0.0
Fernando Alonso,Aston Martin,14,18,,2025,20,Mexico City,,77.103,0,permanent,1.516999999999996,2.0069854205805253,196,0,10.666666666666666,0.0
Liam Lawson,Racing Bulls,15,20,,2025,20,Mexico City,,76.961,0,permanent,1.375,1.8191199428465588,225,0,10.333333333333334,0.0
Gabriel Bortoleto,Kick Sauber,16,10,,2025,20,Mexico City,,77.412,0,permanent,1.8260000000000076,2.4157912841002402,256,0,15.333333333333334,0.0
Alexander Albon,Williams,17,12,,2025,20,Mexico City,,77.49,0,permanent,1.9039999999999964,2.518984997221703,289,0,13.666666666666666,0.0
Pierre Gasly,Alpine,18,15,,2025,20,Mexico City,,77.546,0,permanent,1.960000000000008,2.5930727912576508,324,0,18.666666666666668,0.0
Lance Stroll,Aston Martin,19,14,,2025,20,Mexico City,,77.606,0,permanent,2.019999999999996,2.6724525705818487,361,0,14.0,0.0
Franco Colapinto,Alpine,20,16,,2025,20,Mexico City,,77.67,0,permanent,2.084000000000003,2.7571243351943524,400,0,17.333333333333332,0.0
Lando Norris,McLaren,1,1,,2025,21,São Paulo,,69.511,1,permanent,0.0,0.0,1,0,2.0,0.8
Kimi Antonelli,Mercedes,2,2,,2025,21,São Paulo,,69.685,1,permanent,0.1740000000000066,0.2503200932226649,4,0,8.0,0.0
Charles Leclerc,Ferrari,3,19,,2025,21,São Paulo,,69.801,0,permanent,0.29000000000000625,0.41720015537110133,9,0,3.6666666666666665,0.4
Oscar Piastri,McLaren,4,5,,2025,21,São Paulo,,69.835,0,permanent,0.32399999999999807,0.46611327703528666,16,0,4.666666666666667,0.2
Isack Hadjar,Racing Bulls,5,8,,2025,21,São Paulo,,69.931,0,permanent,0.4200000000000017,0.6042209146753776,25,0,13.333333333333334,0.0
George Russell,Mercedes,6,4,,2025,21,São Paulo,,69.88,0,permanent,0.3689999999999998,0.5308512321790793,36,1,4.666666666666667,0.4
Liam Lawson,Racing Bulls,7,7,,2025,21,São Paulo,,69.95,0,permanent,0.43900000000000716,0.6315547179583191,49,1,15.333333333333334,0.0
Oliver Bearman,Haas F1 Team,8,6,,2025,21,São Paulo,,69.755,0,permanent,0.24399999999999977,0.3510235790018843,64,1,7.333333333333333,0.0
Pierre Gasly,Alpine,9,10,,2025,21,São Paulo,,69.857,0,permanent,0.34600000000000364,0.49776294399448096,81,1,17.666666666666668,0.0
Nico Hulkenberg,Kick Sauber,10,9,,2025,21,São Paulo,,69.985,0,permanent,0.47400000000000375,0.6819064608479287,100,1,15.666666666666666,0.0
Fernando Alonso,Aston Martin,11,14,,2025,21,São Paulo,,70.001,0,permanent,0.4900000000000091,0.7049244004546175,121,1,11.666666666666666,0.0
Alexander Albon,Williams,12,11,,2025,21,São Paulo,,70.053,0,permanent,0.5420000000000016,0.7797327041763198,144,1,13.333333333333334,0.0
Lewis Hamilton,Ferrari,13,18,,2025,21,São Paulo,,70.016,0,permanent,0.5050000000000097,0.7265037188358816,169,0,6.666666666666667,0.0
Lance Stroll,Aston Martin,14,16,,2025,21,São Paulo,,70.041,0,permanent,0.5300000000000011,0.7624692494713083,196,0,13.0,0.0
Carlos Sainz,Williams,15,13,,2025,21,São Paulo,,70.184,0,permanent,0.6730000000000018,0.9681920847060205,225,0,15.666666666666666,0.2
Franco Colapinto,Alpine,16,15,,2025,21,São Paulo,,70.632,0,permanent,1.1210000000000093,1.6126943936930982,256,0,16.333333333333332,0.0
Yuki Tsunoda,Red Bull Racing,17,17,,2025,21,São Paulo,,70.711,0,permanent,1.2000000000000028,1.726345470501076,289,0,10.0,0.0
Gabriel Bortoleto,Kick Sauber,18,20,,2025,21,São Paulo,,75.711,0,permanent,6.200000000000003,8.919451597588877,324,0,15.0,0.0
Max Verstappen,Red Bull Racing,19,3,,2025,21,São Paulo,,70.403,1,permanent,0.8920000000000101,1.2832501330724781,361,0,2.0,1.0
Esteban Ocon,Haas F1 Team,20,12,,2025,21,São Paulo,,70.438,0,permanent,0.9270000000000067,1.3336018759620876,400,0,14.0,0.0
Lando Norris,McLaren,1,19,,2025,22,Las Vegas,,107.934,0,street,0.0,0.0,1,0,1.3333333333333333,0.8
Max Verstappen,Red Bull Racing,2,1,,2025,22,Las Vegas,,108.257,1,street,0.3230000000000075,0.2992569533233342,4,0,2.3333333333333335,1.0
Carlos Sainz,Williams,3,5,,2025,22,Las Vegas,,108.296,0,street,0.362000000000009,0.3353901458298673,9,0,16.666666666666668,0.2
George Russell,Mercedes,4,2,,2025,22,Las Vegas,,108.803,1,street,0.8689999999999998,0.8051216484147719,16,0,5.666666666666667,0.4
Oscar Piastri,McLaren,5,20,,2025,22,Las Vegas,,108.961,0,street,1.027000000000001,0.9515074026720043,25,0,5.0,0.0
Liam Lawson,Racing Bulls,6,14,,2025,22,Las Vegas,,109.062,0,street,1.1280000000000001,1.045083106342765,36,1,12.666666666666666,0.0
Fernando Alonso,Aston Martin,7,11,,2025,22,Las Vegas,,109.466,0,street,1.5319999999999965,1.4193859210258088,49,1,14.0,0.0
Isack Hadjar,Racing Bulls,8,6,,2025,22,Las Vegas,,109.554,0,street,1.6200000000000045,1.500917227194401,64,1,12.333333333333334,0.0
Charles Leclerc,Ferrari,9,4,,2025,22,Las Vegas,,109.872,0,street,1.9380000000000024,1.7955417199399655,81,1,8.0,0.4
Pierre Gasly,Alpine,10,13,,2025,22,Las Vegas,,111.54,0,street,3.6060000000000088,3.340930568680869,100,1,14.666666666666666,0.0
Nico Hulkenberg,Kick Sauber,11,7,,2025,22,Las Vegas,,112.781,0,street,4.847000000000008,4.4907072840810205,121,1,12.0,0.0
Lance Stroll,Aston Martin,12,18,,2025,22,Las Vegas,,112.85,0,street,4.915999999999997,4.554635240054104,144,1,14.0,0.0
Esteban Ocon,Haas F1 Team,13,9,,2025,22,Las Vegas,,112.987,0,street,5.052999999999997,4.681564659884742,169,0,12.0,0.0
Oliver Bearman,Haas F1 Team,14,10,,2025,22,Las Vegas,,113.094,0,street,5.159999999999997,4.780699316248816,196,0,6.333333333333333,0.0
Franco Colapinto,Alpine,15,15,,2025,22,Las Vegas,,113.683,0,street,5.749000000000009,5.326403172309012,225,0,16.0,0.0
Alexander Albon,Williams,16,16,,2025,22,Las Vegas,,116.22,0,street,8.286000000000001,7.676913669464675,256,0,12.333333333333334,0.0
Kimi Antonelli,Mercedes,17,3,,2025,22,Las Vegas,,116.314,1,street,8.379999999999995,7.764003928326566,289,0,7.0,0.2
Gabriel Bortoleto,Kick Sauber,18,17,,2025,22,Las Vegas,,116.674,0,street,8.740000000000009,8.097541089925334,324,0,16.0,0.0
Lewis Hamilton,Ferrari,19,8,,2025,22,Las Vegas,,117.115,0,street,9.180999999999997,8.506124112883798,361,0,10.0,0.0
Yuki Tsunoda,Red Bull Racing,20,12,,2025,22,Las Vegas,,116.798,0,street,8.864000000000004,8.21242611225379,400,0,11.666666666666666,0.0
Oscar Piastri,McLaren,1,2,,2025,23,Lusail,,79.387,1,permanent,0.0,0.0,1,0,10.0,0.0
Lando Norris,McLaren,2,4,,2025,23,Lusail,,79.495,0,permanent,0.10800000000000409,0.13604242508219747,4,0,7.0,0.8
Max Verstappen,Red Bull Racing,3,1,,2025,23,Lusail,,79.651,1,permanent,0.2639999999999958,0.3325481502009092,9,0,2.3333333333333335,1.0
George Russell,Mercedes,4,6,,2025,23,Lusail,,79.662,0,permanent,0.2750000000000057,0.34640432312595976,16,0,4.333333333333333,0.4
Kimi Antonelli,Mercedes,5,5,,2025,23,Lusail,,79.846,0,permanent,0.4590000000000032,0.5781803065993213,25,0,3.6666666666666665,0.4
Isack Hadjar,Racing Bulls,6,18,,2025,23,Lusail,,80.114,0,permanent,0.7270000000000039,0.9157670651366141,36,1,9.0,0.0
Carlos Sainz,Williams,7,3,,2025,23,Lusail,,80.251,1,permanent,0.8640000000000043,1.0883394006575438,49,1,11.666666666666666,0.0
Fernando Alonso,Aston Martin,8,7,,2025,23,Lusail,,80.219,0,permanent,0.8319999999999936,1.0480305339665104,64,1,14.333333333333334,0.0
Pierre Gasly,Alpine,9,16,,2025,23,Lusail,,80.324,0,permanent,0.9369999999999976,1.1802940027964246,81,1,12.666666666666666,0.0
Charles Leclerc,Ferrari,10,8,,2025,23,Lusail,,80.343,0,permanent,0.9560000000000031,1.2042273923942246,100,1,8.333333333333334,0.4
Nico Hulkenberg,Kick Sauber,11,20,,2025,23,Lusail,,80.353,0,permanent,0.965999999999994,1.2168239132351568,121,1,11.666666666666666,0.0
Liam Lawson,Racing Bulls,12,9,,2025,23,Lusail,,80.433,0,permanent,1.0460000000000065,1.3175960799627224,144,1,13.666666666666666,0.0
Oliver Bearman,Haas F1 Team,13,19,,2025,23,Lusail,,80.438,0,permanent,1.051000000000002,1.3238943403831887,169,0,6.666666666666667,0.0
Alexander Albon,Williams,14,11,,2025,23,Lusail,,80.629,0,permanent,1.2420000000000044,1.564487888445217,196,0,13.0,0.0
Yuki Tsunoda,Red Bull Racing,15,10,,2025,23,Lusail,,80.761,0,permanent,1.3739999999999952,1.7307619635456628,225,0,13.333333333333334,0.0
Esteban Ocon,Haas F1 Team,16,15,,2025,23,Lusail,,80.864,0,permanent,1.4770000000000039,1.860506128207394,256,0,10.0,0.0
Lewis Hamilton,Ferrari,17,12,,2025,23,Lusail,,80.907,0,permanent,1.519999999999996,1.914671167823442,289,0,11.333333333333334,0.0
Lance Stroll,Aston Martin,18,17,,2025,23,Lusail,,81.058,0,permanent,1.6710000000000065,2.104878632521706,324,0,16.0,0.0
Gabriel Bortoleto,Kick Sauber,19,13,,2025,23,Lusail,,80.534,0,permanent,1.1470000000000056,1.4448209404562529,361,0,15.666666666666666,0.0
Franco Colapinto,Alpine,20,14,,2025,23,Lusail,,81.137,0,permanent,1.75,2.204391147165153,400,0,15.333333333333334,0.0
Max Verstappen,Red Bull Racing,1,1,,2025,24,Yas Island,,82.207,1,permanent,0.0,0.0,1,0,1.6666666666666667,1.0
Lando Norris,McLaren,2,3,,2025,24,Yas Island,,82.408,1,permanent,0.20100000000000762,0.24450472587493477,4,0,8.0,0.6
Oscar Piastri,McLaren,3,2,,2025,24,Yas Island,,82.437,1,permanent,0.23000000000000398,0.27978152712056636,9,0,9.0,0.2
George Russell,Mercedes,4,5,,2025,24,Yas Island,,82.645,0,permanent,0.4380000000000024,0.5328013429513332,16,0,4.0,0.2
Charles Leclerc,Ferrari,5,4,,2025,24,Yas Island,,82.73,0,permanent,0.5230000000000103,0.6361988638437243,25,0,10.333333333333334,0.4
Fernando Alonso,Aston Martin,6,6,,2025,24,Yas Island,,82.861,0,permanent,0.6540000000000106,0.7955526901602182,36,1,10.666666666666666,0.0
Gabriel Bortoleto,Kick Sauber,7,11,,2025,24,Yas Island,,82.874,0,permanent,0.6670000000000016,0.8113664286496304,49,1,16.666666666666668,0.0
Esteban Ocon,Haas F1 Team,8,7,,2025,24,Yas Island,,82.913,0,permanent,0.7060000000000031,0.8588076441179013,64,1,12.0,0.0
Isack Hadjar,Racing Bulls,9,17,,2025,24,Yas Island,,82.997,0,permanent,0.7900000000000063,0.9609887235880233,81,1,10.666666666666666,0.0
Yuki Tsunoda,Red Bull Racing,10,14,,2025,24,Yas Island,,83.034,0,permanent,0.8270000000000124,1.0059970562117733,100,1,13.0,0.0
Oliver Bearman,Haas F1 Team,11,12,,2025,24,Yas Island,,83.041,0,permanent,0.8340000000000032,1.0145121461676054,121,1,11.666666666666666,0.0
Carlos Sainz,Williams,12,13,,2025,24,Yas Island,,83.042,0,permanent,0.835000000000008,1.0157285875898745,144,1,7.0,0.2
Liam Lawson,Racing Bulls,13,18,,2025,24,Yas Island,,83.077,0,permanent,0.8700000000000045,1.0583040373690862,169,0,10.0,0.0
Kimi Antonelli,Mercedes,14,15,,2025,24,Yas Island,,82.894,0,permanent,0.6870000000000118,0.8356952570949091,196,0,3.3333333333333335,0.4
Lance Stroll,Aston Martin,15,10,,2025,24,Yas Island,,83.097,0,permanent,0.8900000000000006,1.0826328658143476,225,0,17.0,0.0
Lewis Hamilton,Ferrari,16,8,,2025,24,Yas Island,,83.394,0,permanent,1.1870000000000118,1.4439159682265645,256,0,12.666666666666666,0.0
Alexander Albon,Williams,17,16,,2025,24,Yas Island,,83.416,0,permanent,1.2090000000000032,1.470677679516347,289,0,12.666666666666666,0.0
Nico Hulkenberg,Kick Sauber,18,9,,2025,24,Yas Island,,83.45,0,permanent,1.2430000000000092,1.512036687873307,324,0,12.0,0.0
Pierre Gasly,Alpine,19,19,,2025,24,Yas Island,,83.468,0,permanent,1.26100000000001,1.533932633474047,361,0,13.0,0.0
Franco Colapinto,Alpine,20,20,,2025,24,Yas Island,,83.89,0,permanent,1.683000000000007,2.047270913669161,400,0,14.666666666666666,0.0
George Russell,Mercedes,1,1,,2026,1,Melbourne,,78.518,1,street,0.0,0.0,1,0,4.333333333333333,0.2
Kimi Antonelli,Mercedes,2,2,,2026,1,Melbourne,,78.811,1,street,0.29300000000000637,0.37316284164141517,4,0,7.666666666666667,0.4
Isack Hadjar,Red Bull Racing,3,20,,2026,1,Melbourne,,79.303,0,street,0.7849999999999966,0.9997707532030828,9,0,13.666666666666666,0.0
Charles Leclerc,Ferrari,4,3,,2026,1,Melbourne,,79.327,1,street,0.8089999999999975,1.0303369927914587,16,0,5.333333333333333,0.2
Oscar Piastri,McLaren,5,21,,2026,1,Melbourne,,79.38,0,street,0.8619999999999948,1.0978374385491159,25,0,8.0,0.4
Lando Norris,McLaren,6,5,,2026,1,Melbourne,,79.475,0,street,0.9569999999999936,1.2188288035864308,36,1,8.666666666666666,0.6
Lewis Hamilton,Ferrari,7,4,,2026,1,Melbourne,,79.478,0,street,0.9599999999999937,1.2226495835349775,49,1,9.333333333333334,0.0
Liam Lawson,Racing Bulls,8,13,,2026,1,Melbourne,,79.994,0,street,1.475999999999999,1.879823734685039,64,1,13.666666666666666,0.0
Arvid Lindblad,Racing Bulls,9,8,,2026,1,Melbourne,,79.971,0,street,1.453000000000003,1.8505310884128519,81,1,10.0,0.15
Gabriel Bortoleto,Audi,10,9,,2026,1,Melbourne,,80.221,0,street,1.703000000000003,2.168929417458421,100,1,13.666666666666666,0.0
Nico Hulkenberg,Audi,11,22,,2026,1,Melbourne,,80.303,0,street,1.7849999999999966,2.2733640693853596,121,1,12.0,0.0
Oliver Bearman,Haas F1 Team,12,7,,2026,1,Melbourne,,80.311,0,street,1.7930000000000064,2.28355281591483,144,1,13.666666666666666,0.0
Esteban Ocon,Haas F1 Team,13,11,,2026,1,Melbourne,,80.491,0,street,1.972999999999999,2.5127996128276306,169,0,10.333333333333334,0.0
Pierre Gasly,Alpine,14,10,,2026,1,Melbourne,,80.501,0,street,1.983000000000004,2.52553554598946,196,0,16.0,0.0
Alexander Albon,Williams,15,12,,2026,1,Melbourne,,80.941,0,street,2.423000000000002,3.0859166051096585,225,0,14.333333333333334,0.0
Franco Colapinto,Alpine,16,14,,2026,1,Melbourne,,81.2,0,street,2.682000000000002,3.415777274000869,256,0,16.333333333333332,0.0
Fernando Alonso,Aston Martin,17,18,,2026,1,Melbourne,,81.969,0,street,3.4509999999999934,4.395170534145029,289,0,8.0,0.0
Sergio Perez,Cadillac,18,16,,2026,1,Melbourne,,82.605,0,street,4.087000000000003,5.2051758832369694,324,0,15.666666666666666,0.0
Valtteri Bottas,Cadillac,19,19,,2026,1,Melbourne,,83.244,0,street,4.725999999999999,6.019002012277438,361,0,15.666666666666666,0.0
Max Verstappen,Red Bull Racing,20,6,,2026,1,Melbourne,,88.244,0,street,9.725999999999999,12.386968593188822,400,0,1.0,1.0
Carlos Sainz,Williams,21,15,,2026,1,Melbourne,,88.244,0,street,9.725999999999999,12.386968593188822,441,0,7.0,0.2
Lance Stroll,Aston Martin,22,17,,2026,1,Melbourne,,88.244,0,street,9.725999999999999,12.386968593188822,484,0,15.0,0.0
Kimi Antonelli,Mercedes,1,1,,2026,2,Shanghai,,92.064,1,permanent,0.0,0.0,1,0,7.333333333333333,0.6
George Russell,Mercedes,2,2,,2026,2,Shanghai,,92.286,1,permanent,0.2220000000000084,0.2411366006256609,4,0,4.0,0.4
Lewis Hamilton,Ferrari,3,3,,2026,2,Shanghai,,92.415,1,permanent,0.3510000000000133,0.3812565172054368,9,0,8.0,0.0
Charles Leclerc,Ferrari,4,4,,2026,2,Shanghai,,92.428,0,permanent,0.3640000000000043,0.395377128953776,16,0,5.0,0.2
Oscar Piastri,McLaren,5,19,,2026,2,Shanghai,,92.55,0,permanent,0.4860000000000042,0.5278936392075124,25,0,8.333333333333334,0.4
Lando Norris,McLaren,6,20,,2026,2,Shanghai,,92.608,0,permanent,0.5440000000000111,0.5908932916232308,36,1,4.0,0.4
Pierre Gasly,Alpine,7,6,,2026,2,Shanghai,,92.873,0,permanent,0.8090000000000117,0.8787365311088067,49,1,15.0,0.0
Max Verstappen,Red Bull Racing,8,16,,2026,2,Shanghai,,93.002,0,permanent,0.9380000000000024,1.0188564476885673,64,1,2.6666666666666665,0.8
Isack Hadjar,Red Bull Racing,9,8,,2026,2,Shanghai,,93.121,0,permanent,1.0570000000000022,1.148114355231146,81,1,18.333333333333332,0.0
Oliver Bearman,Haas F1 Team,10,5,,2026,2,Shanghai,,93.197,0,permanent,1.1330000000000098,1.2306656239138096,100,1,12.666666666666666,0.0
Nico Hulkenberg,Audi,11,11,,2026,2,Shanghai,,93.354,0,permanent,1.2900000000000063,1.401199165797713,121,1,17.0,0.0
Franco Colapinto,Alpine,12,10,,2026,2,Shanghai,,93.357,0,permanent,1.2930000000000064,1.4044577685088704,144,1,16.0,0.0
Esteban Ocon,Haas F1 Team,13,14,,2026,2,Shanghai,,93.538,0,permanent,1.4740000000000038,1.6010601320820341,169,0,11.0,0.0
Liam Lawson,Racing Bulls,14,7,,2026,2,Shanghai,,93.765,0,permanent,1.7010000000000076,1.847627737226286,196,0,13.333333333333334,0.0
Arvid Lindblad,Racing Bulls,15,12,,2026,2,Shanghai,,93.784,0,permanent,1.720000000000013,1.8682655543969555,225,0,8.0,0.0
Gabriel Bortoleto,Audi,16,21,,2026,2,Shanghai,,93.549,0,permanent,1.4850000000000136,1.6130083420229555,256,0,11.0,0.0
Carlos Sainz,Williams,17,9,,2026,2,Shanghai,,94.317,0,permanent,2.253,2.44721063607925,289,0,10.333333333333334,0.2
Fernando Alonso,Aston Martin,18,17,,2026,2,Shanghai,,95.203,0,permanent,3.13900000000001,3.4095846367744294,324,0,10.333333333333334,0.0
Valtteri Bottas,Cadillac,19,13,,2026,2,Shanghai,,95.436,0,permanent,3.372000000000014,3.662669447340996,361,0,16.0,0.0
Lance Stroll,Aston Martin,20,18,,2026,2,Shanghai,,95.995,0,permanent,3.9310000000000116,4.269855752519999,400,0,14.666666666666666,0.0
Sergio Perez,Cadillac,21,15,,2026,2,Shanghai,,96.906,0,permanent,4.842000000000013,5.259384775808148,441,0,17.666666666666668,0.0
Alexander Albon,Williams,22,22,,2026,2,Shanghai,,94.772,0,permanent,2.7080000000000126,2.9414320472714772,484,0,13.0,0.0
Kimi Antonelli,Mercedes,1,1,,2026,3,Suzuka,,88.778,1,permanent,0.0,0.0,1,0,6.0,0.6
George Russell,Mercedes,2,4,,2026,3,Suzuka,,89.076,0,permanent,0.2979999999999876,0.3356687467615711,4,0,2.6666666666666665,0.6
Oscar Piastri,McLaren,3,2,,2026,3,Suzuka,,89.132,1,permanent,0.3539999999999992,0.3987474374281907,9,0,14.0,0.4
Charles Leclerc,Ferrari,4,3,,2026,3,Suzuka,,89.303,1,permanent,0.5249999999999915,0.5913627249994271,16,0,3.6666666666666665,0.2
Lando Norris,McLaren,5,5,,2026,3,Suzuka,,89.409,0,permanent,0.6310000000000002,0.7107616751897995,25,0,9.333333333333334,0.2
Lewis Hamilton,Ferrari,6,6,,2026,3,Suzuka,,89.567,0,permanent,0.7889999999999873,0.8887336952848536,36,1,5.0,0.2
Pierre Gasly,Alpine,7,7,,2026,3,Suzuka,,89.691,0,permanent,0.9129999999999967,1.0284079389037786,49,1,11.666666666666666,0.0
Isack Hadjar,Red Bull Racing,8,12,,2026,3,Suzuka,,89.978,0,permanent,1.1999999999999886,1.3516862285701283,64,1,15.0,0.0
Gabriel Bortoleto,Audi,9,13,,2026,3,Suzuka,,89.99,0,permanent,1.211999999999989,1.3652030908558301,81,1,13.666666666666666,0.0
Arvid Lindblad,Racing Bulls,10,14,,2026,3,Suzuka,,90.109,0,permanent,1.3309999999999889,1.499245308522369,100,1,10.0,0.0
Max Verstappen,Red Bull Racing,11,8,,2026,3,Suzuka,,90.262,0,permanent,1.4839999999999947,1.6715853026650684,121,1,7.666666666666667,0.6
Esteban Ocon,Haas F1 Team,12,10,,2026,3,Suzuka,,90.309,0,permanent,1.5309999999999917,1.7245263466173957,144,1,10.666666666666666,0.0
Nico Hulkenberg,Audi,13,11,,2026,3,Suzuka,,90.358,0,permanent,1.5799999999999983,1.7797202009506838,169,0,14.0,0.0
Liam Lawson,Racing Bulls,14,9,,2026,3,Suzuka,,90.495,0,permanent,1.7169999999999987,1.9340377120457757,196,0,12.666666666666666,0.0
Franco Colapinto,Alpine,15,16,,2026,3,Suzuka,,90.627,0,permanent,1.8489999999999895,2.0827231971884808,225,0,14.666666666666666,0.0
Carlos Sainz,Williams,16,15,,2026,3,Suzuka,,90.927,0,permanent,2.149000000000001,2.420644754331029,256,0,12.333333333333334,0.2
Alexander Albon,Williams,17,20,,2026,3,Suzuka,,91.088,0,permanent,2.309999999999988,2.6019959899975085,289,0,16.666666666666668,0.0
Oliver Bearman,Haas F1 Team,18,22,,2026,3,Suzuka,,91.09,0,permanent,2.3119999999999976,2.6042488003784694,324,0,8.0,0.0
Sergio Perez,Cadillac,19,17,,2026,3,Suzuka,,92.206,0,permanent,3.4279999999999973,3.8613169929487006,361,0,17.0,0.0
Valtteri Bottas,Cadillac,20,19,,2026,3,Suzuka,,92.33,0,permanent,3.5519999999999925,4.00099123656761,400,0,16.666666666666668,0.0
Fernando Alonso,Aston Martin,21,18,,2026,3,Suzuka,,92.646,0,permanent,3.867999999999995,4.356935276757749,441,0,13.666666666666666,0.0
Lance Stroll,Aston Martin,22,21,,2026,3,Suzuka,,92.92,0,permanent,4.141999999999996,4.665570298947933,484,0,15.0,0.0
Kimi Antonelli,Mercedes,1,1,,2026,4,Miami Gardens,,87.798,1,street,0.0,0.0,1,0,1.3333333333333333,0.6
Max Verstappen,Red Bull Racing,2,5,,2026,4,Miami Gardens,,87.964,0,street,0.16599999999999682,0.18907036606756056,4,0,10.0,0.4
Charles Leclerc,Ferrari,3,8,,2026,4,Miami Gardens,,88.143,0,street,0.34499999999999886,0.39294744755005684,9,0,3.3333333333333335,0.4
Lando Norris,McLaren,4,2,,2026,4,Miami Gardens,,88.183,1,street,0.3850000000000051,0.4385065719036938,16,0,10.0,0.2
George Russell,Mercedes,5,4,,2026,4,Miami Gardens,,88.197,0,street,0.3990000000000009,0.45445226542745953,25,0,2.3333333333333335,0.4
Lewis Hamilton,Ferrari,6,6,,2026,4,Miami Gardens,,88.319,0,street,0.5210000000000008,0.5934075947060307,36,1,4.333333333333333,0.2
Oscar Piastri,McLaren,7,3,,2026,4,Miami Gardens,,88.332,1,street,0.5339999999999918,0.6082143101209502,49,1,14.0,0.6
Franco Colapinto,Alpine,8,7,,2026,4,Miami Gardens,,88.762,0,street,0.9639999999999986,1.0979748969224796,64,1,13.333333333333334,0.0
Pierre Gasly,Alpine,9,21,,2026,4,Miami Gardens,,88.81,0,street,1.0120000000000005,1.1526458461468376,81,1,7.666666666666667,0.0
Nico Hulkenberg,Audi,10,19,,2026,4,Miami Gardens,,89.439,0,street,1.6409999999999911,1.8690630766076572,100,1,14.666666666666666,0.0
Liam Lawson,Racing Bulls,11,20,,2026,4,Miami Gardens,,89.499,0,street,1.7009999999999934,1.9374017631381049,121,1,9.666666666666666,0.0
Oliver Bearman,Haas F1 Team,12,11,,2026,4,Miami Gardens,,89.34,0,street,1.5420000000000016,1.7563042438324354,144,1,11.333333333333334,0.0
Carlos Sainz,Williams,13,9,,2026,4,Miami Gardens,,89.54,0,street,1.7420000000000044,1.984099865600588,169,0,13.0,0.2
Esteban Ocon,Haas F1 Team,14,13,,2026,4,Miami Gardens,,89.772,0,street,1.9740000000000038,2.248342786851641,196,0,11.666666666666666,0.0
Alexander Albon,Williams,15,10,,2026,4,Miami Gardens,,89.72,0,street,1.921999999999997,2.1891159251919143,225,0,18.0,0.0
Arvid Lindblad,Racing Bulls,16,14,,2026,4,Miami Gardens,,90.133,0,street,2.3349999999999937,2.6595138841431396,256,0,11.333333333333334,0.0
Fernando Alonso,Aston Martin,17,15,,2026,4,Miami Gardens,,91.098,0,street,3.299999999999997,3.7586277591744652,289,0,17.666666666666668,0.0
Lance Stroll,Aston Martin,18,17,,2026,4,Miami Gardens,,91.164,0,street,3.3659999999999997,3.8338003143579575,324,0,18.666666666666668,0.0
Valtteri Bottas,Cadillac,19,18,,2026,4,Miami Gardens,,91.629,0,street,3.831000000000003,4.363425134968909,361,0,17.0,0.0
Sergio Perez,Cadillac,20,16,,2026,4,Miami Gardens,,91.967,0,street,4.168999999999997,4.748399735757075,400,0,16.0,0.0
Gabriel Bortoleto,Audi,21,12,,2026,4,Miami Gardens,,93.737,0,street,5.938999999999993,6.764390988405195,441,0,14.333333333333334,0.0
Isack Hadjar,Red Bull Racing,22,22,,2026,4,Miami Gardens,,98.737,0,street,10.938999999999993,12.459281532608934,484,0,13.333333333333334,0.0
George Russell,Mercedes,1,19,,2026,5,Montréal,,72.578,0,permanent,0.0,0.0,1,0,3.3333333333333335,0.4
Kimi Antonelli,Mercedes,2,1,,2026,5,Montréal,,72.646,1,permanent,0.06799999999999784,0.09369230345283397,4,0,1.0,0.8
Lando Norris,McLaren,3,18,,2026,5,Montréal,,72.729,0,permanent,0.15099999999999625,0.208052026784971,9,0,9.0,0.4
Oscar Piastri,McLaren,4,11,,2026,5,Montréal,,72.781,0,permanent,0.20300000000000296,0.2796990823665614,16,0,8.0,0.6
Lewis Hamilton,Ferrari,5,2,,2026,5,Montréal,,72.868,1,permanent,0.28999999999999204,0.3995701176664995,25,0,5.0,0.2
Max Verstappen,Red Bull Racing,6,3,,2026,5,Montréal,,72.907,1,permanent,0.3289999999999935,0.4533054093526874,36,1,9.666666666666666,0.2
Isack Hadjar,Red Bull Racing,7,5,,2026,5,Montréal,,72.935,0,permanent,0.3569999999999993,0.491884593127393,49,1,14.0,0.0
Charles Leclerc,Ferrari,8,4,,2026,5,Montréal,,72.976,0,permanent,0.39799999999999613,0.5483755407974815,64,1,5.0,0.4
Arvid Lindblad,Racing Bulls,9,22,,2026,5,Montréal,,73.28,0,permanent,0.7019999999999982,0.9672352503513436,81,1,13.333333333333334,0.0
Franco Colapinto,Alpine,10,6,,2026,5,Montréal,,73.697,0,permanent,1.1189999999999998,1.5417895229959488,100,1,11.0,0.0
Nico Hulkenberg,Audi,11,12,,2026,5,Montréal,,73.886,0,permanent,1.3079999999999927,1.8021990134751475,121,1,13.666666666666666,0.0
Liam Lawson,Racing Bulls,12,7,,2026,5,Montréal,,73.897,0,permanent,1.3190000000000026,1.8173551213866497,144,1,12.0,0.0
Gabriel Bortoleto,Audi,13,13,,2026,5,Montréal,,74.071,0,permanent,1.492999999999995,2.0570971919865455,169,0,15.333333333333334,0.0
Pierre Gasly,Alpine,14,8,,2026,5,Montréal,,74.187,0,permanent,1.6089999999999947,2.216925239053149,196,0,11.333333333333334,0.0
Carlos Sainz,Williams,15,9,,2026,5,Montréal,,74.273,0,permanent,1.6949999999999932,2.335418446361147,225,0,11.0,0.0
Oliver Bearman,Haas F1 Team,16,10,,2026,5,Montréal,,74.416,0,permanent,1.8379999999999939,2.532447849210496,256,0,12.666666666666666,0.0
Esteban Ocon,Haas F1 Team,17,14,,2026,5,Montréal,,74.845,0,permanent,2.266999999999996,3.123536057758544,289,0,12.333333333333334,0.0
Alexander Albon,Williams,18,21,,2026,5,Montréal,,74.851,0,permanent,2.272999999999996,3.1318030257102647,324,0,17.333333333333332,0.0
Fernando Alonso,Aston Martin,19,20,,2026,5,Montréal,,75.196,0,permanent,2.617999999999995,3.6071536829342152,361,0,16.666666666666668,0.0
Sergio Perez,Cadillac,20,17,,2026,5,Montréal,,75.429,0,permanent,2.850999999999999,3.928187605059383,400,0,16.0,0.0
Valtteri Bottas,Cadillac,21,16,,2026,5,Montréal,,76.272,0,permanent,3.6940000000000026,5.089696602276176,441,0,16.666666666666668,0.0
Lance Stroll,Aston Martin,22,15,,2026,5,Montréal,,76.195,0,permanent,3.6169999999999902,4.98360384689574,484,0,18.666666666666668,0.0
Kimi Antonelli,Mercedes,1,1,,2026,6,Monte Carlo,,72.051,1,,0.0,0.0,1,0,1.0,1.0
Max Verstappen,Red Bull Racing,2,22,,2026,6,Monte Carlo,,72.094,0,,0.042999999999992156,0.059679948925056084,4,0,5.333333333333333,0.2
Lewis Hamilton,Ferrari,3,2,,2026,6,Monte Carlo,,72.279,1,,0.22799999999999443,0.31644251988174266,9,0,4.666666666666667,0.4
Charles Leclerc,Ferrari,4,17,,2026,6,Monte Carlo,,72.351,0,,0.29999999999999716,0.41637173668650973,16,0,5.0,0.4
Isack Hadjar,Red Bull Racing,5,4,,2026,6,Monte Carlo,,72.434,0,,0.38299999999999557,0.5315679171697764,25,0,13.0,0.0
George Russell,Mercedes,6,12,,2026,6,Monte Carlo,,72.445,0,,0.39399999999999125,0.5468348808482759,36,1,9.0,0.4
Oscar Piastri,McLaren,7,5,,2026,6,Monte Carlo,,72.624,0,,0.5729999999999933,0.7952700170712319,49,1,5.333333333333333,0.4
Lando Norris,McLaren,8,19,,2026,6,Monte Carlo,,72.765,0,,0.7139999999999986,0.9909647333139007,64,1,8.333333333333334,0.2
Pierre Gasly,Alpine,9,3,,2026,6,Monte Carlo,,73.226,1,,1.1749999999999972,1.6307893020221749,81,1,12.0,0.0
Liam Lawson,Racing Bulls,10,6,,2026,6,Monte Carlo,,73.412,0,,1.3610000000000042,1.888939778767823,100,1,12.0,0.0
Alexander Albon,Williams,11,8,,2026,6,Monte Carlo,,73.787,0,,1.7360000000000042,2.409404449625965,121,1,17.0,0.0
Carlos Sainz,Williams,12,16,,2026,6,Monte Carlo,,73.815,0,,1.7639999999999958,2.448265811716695,144,1,11.0,0.0
Nico Hulkenberg,Audi,13,13,,2026,6,Monte Carlo,,73.902,0,,1.850999999999999,2.5690136153557885,169,0,14.0,0.0
Franco Colapinto,Alpine,14,14,,2026,6,Monte Carlo,,73.995,0,,1.9440000000000026,2.6980888537286125,196,0,9.666666666666666,0.0
Arvid Lindblad,Racing Bulls,15,7,,2026,6,Monte Carlo,,74.248,0,,2.1970000000000027,3.049229018334239,225,0,16.666666666666668,0.0
Gabriel Bortoleto,Audi,16,11,,2026,6,Monte Carlo,,74.683,0,,2.632000000000005,3.6529680365296873,256,0,12.666666666666666,0.0
Esteban Ocon,Haas F1 Team,17,9,,2026,6,Monte Carlo,,74.722,0,,2.6709999999999923,3.7070963622989166,289,0,12.333333333333334,0.0
Sergio Perez,Cadillac,18,15,,2026,6,Monte Carlo,,74.747,0,,2.695999999999998,3.7417940070228,324,0,16.666666666666668,0.0
Oliver Bearman,Haas F1 Team,19,20,,2026,6,Monte Carlo,,74.814,0,,2.762999999999991,3.834783694882779,361,0,14.333333333333334,0.0
Valtteri Bottas,Cadillac,20,21,,2026,6,Monte Carlo,,75.283,0,,3.2319999999999993,4.485711509902707,400,0,17.666666666666668,0.0
Fernando Alonso,Aston Martin,21,10,,2026,6,Monte Carlo,,75.349,0,,3.298000000000002,4.577313291973743,441,0,17.666666666666668,0.0
Lance Stroll,Aston Martin,22,18,,2026,6,Monte Carlo,,76.061,0,,4.010000000000005,5.56550221370974,484,0,17.666666666666668,0.0
George Russell,Mercedes,1,2,,2026,7,Barcelona,,74.679,1,permanent,0.0,0.0,1,0,11.666666666666666,0.2
Lewis Hamilton,Ferrari,2,1,,2026,7,Barcelona,,74.743,1,permanent,0.06399999999999295,0.08570012988924992,4,0,3.3333333333333335,0.6
Kimi Antonelli,Mercedes,3,16,,2026,7,Barcelona,,74.998,0,permanent,0.3190000000000026,0.4271615849167807,9,0,1.0,1.0
Lando Norris,McLaren,4,3,,2026,7,Barcelona,,75.001,1,permanent,0.32200000000000273,0.4311787785053398,16,0,13.0,0.2
Max Verstappen,Red Bull Racing,5,4,,2026,7,Barcelona,,75.021,0,permanent,0.34199999999999875,0.45796006909572806,25,0,10.0,0.2
Isack Hadjar,Red Bull Racing,6,6,,2026,7,Barcelona,,75.077,0,permanent,0.39799999999999613,0.5329476827488265,36,1,10.333333333333334,0.0
Oscar Piastri,McLaren,7,5,,2026,7,Barcelona,,75.09,0,permanent,0.41100000000000136,0.5503555216325893,49,1,6.333333333333333,0.4
Liam Lawson,Racing Bulls,8,8,,2026,7,Barcelona,,75.585,0,permanent,0.9059999999999917,1.2131924637448168,64,1,11.0,0.0
Nico Hulkenberg,Audi,9,20,,2026,7,Barcelona,,75.768,0,permanent,1.0889999999999986,1.458241272646927,81,1,14.666666666666666,0.0
Charles Leclerc,Ferrari,10,15,,2026,7,Barcelona,,75.281,0,permanent,0.6020000000000039,0.8061168467708509,100,1,9.666666666666666,0.2
Arvid Lindblad,Racing Bulls,11,9,,2026,7,Barcelona,,75.84,0,permanent,1.1610000000000014,1.5546539187723474,121,1,14.333333333333334,0.0
Gabriel Bortoleto,Audi,12,11,,2026,7,Barcelona,,76.001,0,permanent,1.3220000000000027,1.7702433080250175,144,1,12.0,0.0
Franco Colapinto,Alpine,13,10,,2026,7,Barcelona,,76.191,0,permanent,1.5120000000000005,2.024665568633753,169,0,9.0,0.0
Pierre Gasly,Alpine,14,7,,2026,7,Barcelona,,76.261,0,permanent,1.5819999999999936,2.1184000857001215,196,0,10.666666666666666,0.2
Oliver Bearman,Haas F1 Team,15,17,,2026,7,Barcelona,,76.389,0,permanent,1.7099999999999937,2.2898003454786404,225,0,13.666666666666666,0.0
Carlos Sainz,Williams,16,12,,2026,7,Barcelona,,76.881,0,permanent,2.201999999999998,2.9486200940023277,256,0,11.333333333333334,0.0
Esteban Ocon,Haas F1 Team,17,13,,2026,7,Barcelona,,77.073,0,permanent,2.3939999999999912,3.2057204836700963,289,0,12.0,0.0
Alexander Albon,Williams,18,18,,2026,7,Barcelona,,77.424,0,permanent,2.7450000000000045,3.675732133531521,324,0,13.0,0.0
Sergio Perez,Cadillac,19,14,,2026,7,Barcelona,,77.545,0,permanent,2.8659999999999997,3.8377589416033953,361,0,16.0,0.0
Valtteri Bottas,Cadillac,20,21,,2026,7,Barcelona,,77.757,0,permanent,3.078000000000003,4.121640621861571,400,0,18.333333333333332,0.0
Lance Stroll,Aston Martin,21,22,,2026,7,Barcelona,,78.758,0,permanent,4.0789999999999935,5.462044215910756,441,0,16.666666666666668,0.0
Fernando Alonso,Aston Martin,22,19,,2026,7,Barcelona,,78.815,0,permanent,4.135999999999996,5.538370894093381,484,0,15.0,0.0
George Russell,Mercedes,1,1,,2026,8,Spielberg,,66.113,1,permanent,0.0,0.0,1,0,11.0,0.2
Charles Leclerc,Ferrari,2,8,,2026,8,Spielberg,,66.349,0,permanent,0.2360000000000042,0.35696459092766053,4,0,12.0,0.2
Lewis Hamilton,Ferrari,3,5,,2026,8,Spielberg,,66.408,0,permanent,0.2950000000000017,0.44620573865957025,9,0,1.6666666666666667,0.6
Kimi Antonelli,Mercedes,4,3,,2026,8,Spielberg,,66.414,1,permanent,0.30100000000000193,0.45528110961535845,16,0,6.0,0.8
Max Verstappen,Red Bull Racing,5,2,,2026,8,Spielberg,,66.475,1,permanent,0.36199999999999477,0.5475473809991904,25,0,9.666666666666666,0.2
Lando Norris,McLaren,6,7,,2026,8,Spielberg,,66.502,0,permanent,0.3889999999999958,0.5883865503002372,36,1,13.333333333333334,0.4
Oscar Piastri,McLaren,7,4,,2026,8,Spielberg,,66.511,0,permanent,0.39799999999999613,0.6019996067339194,49,1,7.0,0.4
Isack Hadjar,Red Bull Racing,8,6,,2026,8,Spielberg,,66.632,0,permanent,0.5190000000000055,0.7850195876756545,64,1,5.0,0.0
Liam Lawson,Racing Bulls,9,9,,2026,8,Spielberg,,66.955,0,permanent,0.8419999999999987,1.2735770574622218,81,1,7.0,0.0
Arvid Lindblad,Racing Bulls,10,10,,2026,8,Spielberg,,67.007,0,permanent,0.8940000000000055,1.3522302724123931,100,1,12.666666666666666,0.0
Pierre Gasly,Alpine,11,13,,2026,8,Spielberg,,67.223,0,permanent,1.1099999999999994,1.6789436268207454,121,1,6.0,0.2
Gabriel Bortoleto,Audi,12,11,,2026,8,Spielberg,,67.293,0,permanent,1.1800000000000068,1.784822954638281,144,1,11.666666666666666,0.0
Oliver Bearman,Haas F1 Team,13,14,,2026,8,Spielberg,,67.523,0,permanent,1.4099999999999966,2.132712174610132,169,0,15.666666666666666,0.0
Nico Hulkenberg,Audi,14,12,,2026,8,Spielberg,,67.611,0,permanent,1.4980000000000047,2.265817615295032,196,0,15.0,0.0
Esteban Ocon,Haas F1 Team,15,16,,2026,8,Spielberg,,67.817,0,permanent,1.7039999999999935,2.5774053514437303,225,0,12.0,0.0
Franco Colapinto,Alpine,16,15,,2026,8,Spielberg,,67.894,0,permanent,1.781000000000006,2.6938726120430263,256,0,10.0,0.0
Carlos Sainz,Williams,17,20,,2026,8,Spielberg,,68.252,0,permanent,2.138999999999996,3.2353697457383506,289,0,12.333333333333334,0.0
Alexander Albon,Williams,18,17,,2026,8,Spielberg,,68.509,0,permanent,2.396000000000001,3.62409813501127,324,0,15.666666666666666,0.0
Sergio Perez,Cadillac,19,21,,2026,8,Spielberg,,68.945,0,permanent,2.8319999999999936,4.28357509113184,361,0,15.333333333333334,0.0
Valtteri Bottas,Cadillac,20,22,,2026,8,Spielberg,,69.03,0,permanent,2.9170000000000016,4.412142846338846,400,0,19.333333333333332,0.0
Fernando Alonso,Aston Martin,21,18,,2026,8,Spielberg,,69.942,0,permanent,3.8289999999999935,5.791599231618583,441,0,16.333333333333332,0.0
Lance Stroll,Aston Martin,22,19,,2026,8,Spielberg,,70.363,0,permanent,4.25,6.428387760349705,484,0,18.333333333333332,0.0
Kimi Antonelli,Mercedes,1,15,,2026,9,Silverstone,,88.111,0,permanent,0.0,0.0,1,0,6.666666666666667,0.8
Charles Leclerc,Ferrari,2,1,,2026,9,Silverstone,,88.286,1,permanent,0.17499999999999716,0.19861311300518342,4,0,13.333333333333334,0.0
Lewis Hamilton,Ferrari,3,3,,2026,9,Silverstone,,88.458,1,permanent,0.3469999999999942,0.3938214297874206,9,0,2.6666666666666665,0.6
George Russell,Mercedes,4,2,,2026,9,Silverstone,,88.481,1,permanent,0.36999999999999034,0.41992486749666935,16,0,5.0,0.4
Isack Hadjar,Red Bull Racing,5,5,,2026,9,Silverstone,,88.746,0,permanent,0.6349999999999909,0.7206818671902383,25,0,5.333333333333333,0.0
Lando Norris,McLaren,6,4,,2026,9,Silverstone,,88.877,0,permanent,0.7659999999999911,0.8693579689255496,36,1,9.666666666666666,0.4
Max Verstappen,Red Bull Racing,7,20,,2026,9,Silverstone,,88.893,0,permanent,0.7819999999999965,0.8875168821146013,49,1,9.333333333333334,0.4
Oscar Piastri,McLaren,8,11,,2026,9,Silverstone,,89.032,0,permanent,0.9209999999999923,1.0452724404444307,64,1,4.666666666666667,0.2
Arvid Lindblad,Racing Bulls,9,7,,2026,9,Silverstone,,89.305,0,permanent,1.1940000000000026,1.3551088967325333,81,1,8.666666666666666,0.0
Liam Lawson,Racing Bulls,10,6,,2026,9,Silverstone,,89.3,0,permanent,1.188999999999993,1.3494342363609457,100,1,7.666666666666667,0.0
Gabriel Bortoleto,Audi,11,8,,2026,9,Silverstone,,89.461,0,permanent,1.3499999999999943,1.5321583003257189,121,1,11.0,0.0
Nico Hulkenberg,Audi,12,22,,2026,9,Silverstone,,89.539,0,permanent,1.4279999999999973,1.62068300212232,144,1,15.0,0.0
Oliver Bearman,Haas F1 Team,13,12,,2026,9,Silverstone,,90.501,0,permanent,2.3900000000000006,2.7124876576136923,169,0,17.0,0.0
Carlos Sainz,Williams,14,17,,2026,9,Silverstone,,90.562,0,permanent,2.4509999999999934,2.7817185141469207,196,0,16.0,0.0
Pierre Gasly,Alpine,15,10,,2026,9,Silverstone,,90.063,0,permanent,1.9519999999999982,2.215387409063565,225,0,7.666666666666667,0.2
Alexander Albon,Williams,16,21,,2026,9,Silverstone,,90.638,0,permanent,2.527000000000001,2.867973351794896,256,0,14.333333333333334,0.0
Esteban Ocon,Haas F1 Team,17,13,,2026,9,Silverstone,,90.68,0,permanent,2.5690000000000026,2.915640498916143,289,0,12.666666666666666,0.0
Valtteri Bottas,Cadillac,18,16,,2026,9,Silverstone,,91.227,0,permanent,3.1159999999999997,3.5364483435666374,324,0,21.333333333333332,0.0
Franco Colapinto,Alpine,19,9,,2026,9,Silverstone,,91.321,0,permanent,3.2099999999999937,3.643131958552273,361,0,13.0,0.0
Sergio Perez,Cadillac,20,14,,2026,9,Silverstone,,91.451,0,permanent,3.339999999999989,3.7906731282132644,400,0,16.666666666666668,0.0
Fernando Alonso,Aston Martin,21,18,,2026,9,Silverstone,,93.025,0,permanent,4.9140000000000015,5.577056213185642,441,0,15.666666666666666,0.0
Lance Stroll,Aston Martin,22,19,,2026,9,Silverstone,,92.863,0,permanent,4.751999999999995,5.3931972171465485,484,0,19.666666666666668,0.0
Kimi Antonelli,Mercedes,1,1,,2026,10,Spa-Francorchamps,,104.361,1,permanent,0.0,0.0,1,0,11.333333333333334,0.6
Max Verstappen,Red Bull Racing,2,3,,2026,10,Spa-Francorchamps,,104.678,1,permanent,0.31699999999999307,0.30375331781028647,4,0,8.666666666666666,0.4
George Russell,Mercedes,3,22,,2026,10,Spa-Francorchamps,,104.869,0,permanent,0.5079999999999956,0.48677187838368313,9,0,1.6666666666666667,0.6
Charles Leclerc,Ferrari,4,2,,2026,10,Spa-Francorchamps,,104.893,1,permanent,0.5319999999999965,0.5097689750002361,16,0,8.0,0.2
Lewis Hamilton,Ferrari,5,4,,2026,10,Spa-Francorchamps,,104.895,0,permanent,0.5339999999999918,0.5116853997182776,25,0,3.0,0.8
Oscar Piastri,McLaren,6,5,,2026,10,Spa-Francorchamps,,105.016,0,permanent,0.6550000000000011,0.6276290951600704,36,1,6.666666666666667,0.0
Arvid Lindblad,Racing Bulls,7,9,,2026,10,Spa-Francorchamps,,105.143,0,permanent,0.7819999999999965,0.7493220647559878,49,1,8.666666666666666,0.0
Gabriel Bortoleto,Audi,8,8,,2026,10,Spa-Francorchamps,,105.628,0,permanent,1.266999999999996,1.2140550588821455,64,1,10.0,0.0
Liam Lawson,Racing Bulls,9,12,,2026,10,Spa-Francorchamps,,106.12,0,permanent,1.7590000000000003,1.6854955395214688,81,1,7.666666666666667,0.0
Pierre Gasly,Alpine,10,11,,2026,10,Spa-Francorchamps,,106.331,0,permanent,1.9699999999999989,1.887678347275322,100,1,10.0,0.2
Franco Colapinto,Alpine,11,10,,2026,10,Spa-Francorchamps,,106.392,0,permanent,2.0309999999999917,1.9461293011757186,121,1,11.333333333333334,0.0
Nico Hulkenberg,Audi,12,13,,2026,10,Spa-Francorchamps,,106.671,0,permanent,2.3100000000000023,2.2134705493431475,144,1,18.0,0.0
Lando Norris,McLaren,13,7,,2026,10,Spa-Francorchamps,,104.801,0,permanent,0.4399999999999977,0.4216134379701208,169,0,4.666666666666667,0.2
Oliver Bearman,Haas F1 Team,14,14,,2026,10,Spa-Francorchamps,,106.779,0,permanent,2.417999999999992,2.3169574841176224,196,0,14.333333333333334,0.0
Alexander Albon,Williams,15,15,,2026,10,Spa-Francorchamps,,107.12,0,permanent,2.7590000000000003,2.6437078985444757,225,0,18.666666666666668,0.0
Esteban Ocon,Haas F1 Team,16,17,,2026,10,Spa-Francorchamps,,107.801,0,permanent,3.4399999999999977,3.2962505150391403,256,0,14.0,0.0
Valtteri Bottas,Cadillac,17,18,,2026,10,Spa-Francorchamps,,107.823,0,permanent,3.461999999999989,3.317331186937639,289,0,19.666666666666668,0.0
Sergio Perez,Cadillac,18,21,,2026,10,Spa-Francorchamps,,107.971,0,permanent,3.6099999999999994,3.4591466160730535,324,0,16.333333333333332,0.0
Carlos Sainz,Williams,19,16,,2026,10,Spa-Francorchamps,,106.777,0,permanent,2.415999999999997,2.315041059399581,361,0,16.333333333333332,0.0
Lance Stroll,Aston Martin,20,20,,2026,10,Spa-Francorchamps,,110.177,0,permanent,5.8160000000000025,5.572963080077809,400,0,20.0,0.0
Isack Hadjar,Red Bull Racing,21,6,,2026,10,Spa-Francorchamps,,105.823,0,permanent,1.461999999999989,1.4009064688916253,441,0,5.666666666666667,0.0
Fernando Alonso,Aston Martin,22,19,,2026,10,Spa-Francorchamps,,110.002,0,permanent,5.640999999999991,5.405275917248772,484,0,18.333333333333332,0.0
Lando Norris,McLaren,1,1,,2026,11,Budapest,,77.207,1,permanent,0.0,0.0,1,0,6.0,0.2
Charles Leclerc,Ferrari,2,4,,2026,11,Budapest,,77.445,0,permanent,0.23799999999999955,0.3082622042042814,4,0,3.6666666666666665,0.4
Oscar Piastri,McLaren,3,20,,2026,11,Budapest,,77.684,0,permanent,0.47700000000000387,0.6178196277539653,9,0,6.666666666666667,0.0
Max Verstappen,Red Bull Racing,4,2,,2026,11,Budapest,,77.725,1,permanent,0.5180000000000007,0.670923620915203,16,0,8.333333333333334,0.4
Lewis Hamilton,Ferrari,5,5,,2026,11,Budapest,,77.219,0,permanent,0.012000000000000455,0.015542632144754305,25,0,4.0,0.6
George Russell,Mercedes,6,7,,2026,11,Budapest,,77.76,0,permanent,0.5530000000000115,0.716256298004082,36,1,8.333333333333334,0.6
Kimi Antonelli,Mercedes,7,3,,2026,11,Budapest,,77.479,1,permanent,0.27200000000000557,0.3522996619477581,49,1,6.333333333333333,0.6
Isack Hadjar,Red Bull Racing,8,6,,2026,11,Budapest,,77.856,0,permanent,0.6490000000000009,0.8405973551620979,64,1,5.666666666666667,0.0
Arvid Lindblad,Racing Bulls,9,10,,2026,11,Budapest,,78.281,0,permanent,1.0740000000000123,1.3910655769554736,81,1,8.666666666666666,0.0
Nico Hulkenberg,Audi,10,9,,2026,11,Budapest,,78.639,0,permanent,1.4320000000000022,1.8547541026072794,100,1,15.666666666666666,0.0
Liam Lawson,Racing Bulls,11,8,,2026,11,Budapest,,78.765,0,permanent,1.558000000000007,2.0179517401271996,121,1,9.0,0.0
Pierre Gasly,Alpine,12,12,,2026,11,Budapest,,78.844,0,permanent,1.6370000000000005,2.1202740684134866,144,1,11.333333333333334,0.2
Franco Colapinto,Alpine,13,15,,2026,11,Budapest,,79.027,0,permanent,1.8200000000000074,2.3572992086209896,169,0,11.333333333333334,0.0
Gabriel Bortoleto,Audi,14,11,,2026,11,Budapest,,79.069,0,permanent,1.862000000000009,2.41169842112763,196,0,9.0,0.0
Esteban Ocon,Haas F1 Team,15,16,,2026,11,Budapest,,79.734,0,permanent,2.527000000000001,3.273019285816055,225,0,15.333333333333334,0.0
Fernando Alonso,Aston Martin,16,14,,2026,11,Budapest,,79.808,0,permanent,2.6010000000000133,3.3688655173753848,256,0,18.333333333333332,0.0
Oliver Bearman,Haas F1 Team,17,19,,2026,11,Budapest,,80.233,0,permanent,3.0260000000000105,3.919333739168742,289,0,13.333333333333334,0.0
Carlos Sainz,Williams,18,18,,2026,11,Budapest,,80.621,0,permanent,3.4140000000000015,4.421878845182434,324,0,17.666666666666668,0.0
Alexander Albon,Williams,19,17,,2026,11,Budapest,,80.658,0,permanent,3.4510000000000076,4.469801960962099,361,0,17.666666666666668,0.0
Lance Stroll,Aston Martin,20,13,,2026,11,Budapest,,80.659,0,permanent,3.4520000000000124,4.471097180307502,400,0,19.333333333333332,0.0
Valtteri Bottas,Cadillac,21,22,,2026,11,Budapest,,80.886,0,permanent,3.679000000000002,4.765111971712412,441,0,18.666666666666668,0.0
Sergio Perez,Cadillac,22,21,,2026,11,Budapest,,81.322,0,permanent,4.115000000000009,5.32982760630514,484,0,18.666666666666668,0.0
Lando Norris,McLaren,1,1,,2026,12,Zandvoort,,71.163,1,permanent,0.0,0.0,1,0,4.0,0.4
George Russell,Mercedes,2,3,,2026,12,Zandvoort,,71.265,1,permanent,0.10200000000000387,0.14333291176595123,4,0,10.333333333333334,0.6
Kimi Antonelli,Mercedes,3,2,,2026,12,Zandvoort,,71.296,1,permanent,0.13300000000000978,0.1868948751458058,9,0,6.333333333333333,0.6
Oscar Piastri,McLaren,4,6,,2026,12,Zandvoort,,71.305,0,permanent,0.14200000000001012,0.19954189677221326,16,0,12.0,0.0
Lewis Hamilton,Ferrari,5,4,,2026,12,Zandvoort,,71.494,0,permanent,0.33100000000000307,0.46512935092674995,25,0,4.0,0.4
Charles Leclerc,Ferrari,6,5,,2026,12,Zandvoort,,71.558,0,permanent,0.39500000000001023,0.5550637269367652,36,1,2.3333333333333335,0.4
Max Verstappen,Red Bull Racing,7,22,,2026,12,Zandvoort,,71.618,0,permanent,0.4549999999999983,0.6393772044461283,49,1,8.333333333333334,0.6
Liam Lawson,Red Bull Racing,8,7,,2026,12,Zandvoort,,71.733,0,permanent,0.5700000000000074,0.8009780363391191,64,1,8.666666666666666,0.0
Gabriel Bortoleto,Audi,9,13,,2026,12,Zandvoort,,72.079,0,permanent,0.9159999999999968,1.287185756643195,81,1,9.0,0.0
Arvid Lindblad,Racing Bulls,10,12,,2026,12,Zandvoort,,72.185,0,permanent,1.0220000000000056,1.4361395669097785,100,1,8.666666666666666,0.0
Pierre Gasly,Alpine,11,10,,2026,12,Zandvoort,,72.616,0,permanent,1.453000000000003,2.0417913803521537,121,1,11.0,0.0
Yuki Tsunoda,Racing Bulls,12,11,,2026,12,Zandvoort,,72.627,0,permanent,1.4639999999999986,2.057248851228867,144,1,12.0,0.0
Nico Hulkenberg,Audi,13,8,,2026,12,Zandvoort,,72.797,0,permanent,1.6340000000000003,2.2961370375054457,169,0,14.666666666666666,0.0
Franco Colapinto,Alpine,14,14,,2026,12,Zandvoort,,72.8,0,permanent,1.6370000000000005,2.300352711380915,196,0,11.333333333333334,0.0
Esteban Ocon,Haas F1 Team,15,19,,2026,12,Zandvoort,,73.137,0,permanent,1.9740000000000038,2.773913410058603,225,0,15.333333333333334,0.0
Alexander Albon,Williams,16,17,,2026,12,Zandvoort,,73.182,0,permanent,2.0190000000000055,2.8371485181906406,256,0,17.666666666666668,0.0
Carlos Sainz,Williams,17,16,,2026,12,Zandvoort,,73.574,0,permanent,2.4110000000000014,3.3879965712519167,289,0,17.0,0.0
Fernando Alonso,Aston Martin,18,9,,2026,12,Zandvoort,,73.65,0,permanent,2.487000000000009,3.4947936427638084,324,0,17.0,0.0
Lance Stroll,Aston Martin,19,20,,2026,12,Zandvoort,,73.818,0,permanent,2.655000000000001,3.7308713797900612,361,0,17.333333333333332,0.0
Oliver Bearman,Haas F1 Team,20,21,,2026,12,Zandvoort,,73.826,0,permanent,2.6629999999999967,3.7421131767913054,400,0,15.0,0.0
Valtteri Bottas,Cadillac,21,18,,2026,12,Zandvoort,,74.371,0,permanent,3.2079999999999984,4.5079605975015085,441,0,18.666666666666668,0.0
Sergio Perez,Cadillac,22,15,,2026,12,Zandvoort,,74.6,0,permanent,3.4369999999999976,4.829757036662307,484,0,18.666666666666668,0.0
Pierre Gasly,Alpine,1,7,Finished,2026,13,Monza,0.0,81.786,0,permanent,0.0,0.0,1,0,11.0,0.0
George Russell,Mercedes,2,2,Finished,2026,13,Monza,0.0,81.846,1,permanent,0.060000000000002274,0.07336218912772635,4,0,10.666666666666666,0.6
Charles Leclerc,Ferrari,3,22,Retired,2026,13,Monza,0.0,82.004,0,permanent,0.21800000000000352,0.2665492871640666,9,0,3.6666666666666665,0.4
Lewis Hamilton,Ferrari,4,6,Finished,2026,13,Monza,0.0,82.011,0,permanent,0.22499999999999432,0.2751082092289564,16,0,4.333333333333333,0.2
Max Verstappen,Red Bull Racing,5,3,Finished,2026,13,Monza,0.0,82.07,1,permanent,0.2839999999999918,0.34724769520454823,25,0,9.0,0.6
Oscar Piastri,McLaren,6,5,Finished,2026,13,Monza,0.0,81.966,0,permanent,0.1799999999999926,0.22008656738316165,36,1,10.333333333333334,0.0
Franco Colapinto,Alpine,7,9,Finished,2026,13,Monza,0.0,82.22,0,permanent,0.4339999999999975,0.5306531680238641,49,1,13.0,0.0
Lando Norris,McLaren,8,4,Finished,2026,13,Monza,0.0,82.067,0,permanent,0.2809999999999917,0.3435795857481619,64,1,3.0,0.4
Arvid Lindblad,Racing Bulls,9,8,Finished,2026,13,Monza,0.0,82.286,0,permanent,0.5,0.6113515760643631,81,1,10.333333333333334,0.0
Gabriel Bortoleto,Audi,10,11,Finished,2026,13,Monza,0.0,82.517,0,permanent,0.7309999999999945,0.8937960042060921,100,1,10.666666666666666,0.0
Oliver Bearman,Haas F1 Team,11,15,Finished,2026,13,Monza,0.0,82.756,0,permanent,0.9699999999999989,1.186022057564863,121,1,18.0,0.0
Nico Hulkenberg,Audi,12,12,Finished,2026,13,Monza,0.0,82.779,0,permanent,0.992999999999995,1.214144230063819,144,1,10.0,0.0
Carlos Sainz,Williams,13,13,Finished,2026,13,Monza,0.0,83.453,0,permanent,1.6670000000000016,2.0382461545985886,169,0,16.666666666666668,0.0
Esteban Ocon,Haas F1 Team,14,16,Lapped,2026,13,Monza,0.0,83.454,0,permanent,1.6679999999999922,2.039468857750706,196,0,17.333333333333332,0.0
Yuki Tsunoda,Racing Bulls,15,10,Finished,2026,13,Monza,0.0,83.755,0,permanent,1.968999999999994,2.4075025065414546,225,0,11.666666666666666,0.0
Valtteri Bottas,Cadillac,16,19,Lapped,2026,13,Monza,0.0,84.364,0,permanent,2.578000000000003,3.15212872618786,256,0,19.333333333333332,0.0
Sergio Perez,Cadillac,17,18,Lapped,2026,13,Monza,0.0,84.595,0,permanent,2.8089999999999975,3.4345731543295885,289,0,19.0,0.0
Lance Stroll,Aston Martin,18,20,Retired,2026,13,Monza,0.0,85.222,0,permanent,3.435999999999993,4.2012080307142945,324,0,17.666666666666668,0.0
Kimi Antonelli,Mercedes,19,1,Finished,2026,13,Monza,0.0,81.882,1,permanent,0.09600000000000364,0.11737950260436215,361,0,2.0,0.8
Alexander Albon,Williams,20,17,Lapped,2026,13,Monza,0.0,84.356,0,permanent,2.569999999999993,3.142347100970818,400,0,16.333333333333332,0.0
Fernando Alonso,Aston Martin,21,21,Retired,2026,13,Monza,0.0,85.15,0,permanent,3.3640000000000043,4.11317340376104,441,0,14.0,0.0
Liam Lawson,Red Bull Racing,22,14,Finished,2026,13,Monza,0.0,82.821,0,permanent,1.0349999999999966,1.2654977624532275,484,0,9.0,0.0
Lando Norris,McLaren,1,3,Finished,2026,14,Madrid,0.0,91.824,1,street,0.0,0.0,1,0,2.0,0.4
Kimi Antonelli,Mercedes,2,1,Finished,2026,14,Madrid,0.0,91.835,1,street,0.01099999999999568,0.011979438926637569,4,0,2.0,0.8
Max Verstappen,Red Bull Racing,3,2,Finished,2026,14,Madrid,0.0,91.964,1,street,0.14000000000000057,0.15246558633908408,9,0,9.0,0.6
Lewis Hamilton,Ferrari,4,22,Retired,2026,14,Madrid,0.0,92.013,0,street,0.18900000000000716,0.20582854155777047,16,0,5.0,0.2
Charles Leclerc,Ferrari,5,4,Finished,2026,14,Madrid,0.0,92.019,0,street,0.1950000000000074,0.2123627809723029,25,0,10.333333333333334,0.4
George Russell,Mercedes,6,5,Finished,2026,14,Madrid,0.0,92.149,0,street,0.32500000000000284,0.3539379682871611,36,1,4.0,0.6
Oscar Piastri,McLaren,7,8,Finished,2026,14,Madrid,0.0,92.294,0,street,0.46999999999999886,0.5118487541383504,49,1,10.333333333333334,0.0
Liam Lawson,Red Bull Racing,8,6,Finished,2026,14,Madrid,0.0,92.316,0,street,0.49200000000000443,0.535807631991641,64,1,9.666666666666666,0.0
Franco Colapinto,Alpine,9,7,Finished,2026,14,Madrid,0.0,92.903,0,street,1.0790000000000077,1.1750740547133731,81,1,12.666666666666666,0.0
Arvid Lindblad,Racing Bulls,10,9,Lapped,2026,14,Madrid,0.0,93.041,0,street,1.2169999999999987,1.3253615612476028,100,1,10.0,0.0
Nico Hulkenberg,Audi,11,10,Lapped,2026,14,Madrid,0.0,93.223,0,street,1.399000000000001,1.5235668234884137,121,1,9.666666666666666,0.0
Gabriel Bortoleto,Audi,12,13,Lapped,2026,14,Madrid,0.0,93.388,0,street,1.5640000000000072,1.7032584073880543,144,1,11.666666666666666,0.0
Esteban Ocon,Haas F1 Team,13,11,Lapped,2026,14,Madrid,0.0,93.667,0,street,1.8430000000000035,2.0071005401637954,169,0,17.0,0.0
Pierre Gasly,Alpine,14,12,Lapped,2026,14,Madrid,0.0,93.753,0,street,1.929000000000002,2.1007579717720883,196,0,9.666666666666666,0.0
Yuki Tsunoda,Racing Bulls,15,14,Lapped,2026,14,Madrid,0.0,94.084,0,street,2.260000000000005,2.4612301794737816,225,0,11.666666666666666,0.0
Alexander Albon,Williams,16,15,Lapped,2026,14,Madrid,0.0,95.307,0,street,3.483000000000004,3.7931259801359167,256,0,17.0,0.0
Fernando Alonso,Aston Martin,17,17,Lapped,2026,14,Madrid,0.0,95.388,0,street,3.564000000000007,3.8813382122321043,289,0,14.666666666666666,0.0
Sergio Perez,Cadillac,18,20,Retired,2026,14,Madrid,0.0,95.913,0,street,4.088999999999999,4.453084161003658,324,0,18.0,0.0
Valtteri Bottas,Cadillac,19,18,Lapped,2026,14,Madrid,0.0,98.011,0,street,6.186999999999998,6.737889876285065,361,0,19.666666666666668,0.0
Carlos Sainz,Williams,20,19,Retired,2026,14,Madrid,0.0,95.312,0,street,3.4879999999999995,3.798571179648022,400,0,15.666666666666666,0.0
Lance Stroll,Aston Martin,21,21,Retired,2026,14,Madrid,0.0,103.011,0,street,11.186999999999998,12.183089388395189,441,0,17.666666666666668,0.0
Oliver Bearman,Haas F1 Team,22,16,Lapped,2026,14,Madrid,0.0,103.011,0,street,11.186999999999998,12.183089388395189,484,0,18.333333333333332,0.0
George Russell,Mercedes,1,1,Finished,2026,15,Baku,0.0,102.526,1,street,0.0,0.0,1,0,3.3333333333333335,0.4
Charles Leclerc,Ferrari,2,4,Finished,2026,15,Baku,0.0,103.363,0,street,0.8370000000000033,0.8163782845327072,4,0,10.333333333333334,0.2
Oscar Piastri,McLaren,3,13,Finished,2026,15,Baku,0.0,103.364,0,street,0.8380000000000081,0.8173536468798237,9,0,6.333333333333333,0.0
Isack Hadjar,Red Bull Racing,4,3,Finished,2026,15,Baku,0.0,103.5,1,street,0.9740000000000038,0.9500029260870451,16,0,5.666666666666667,0.0
Lando Norris,McLaren,5,19,Retired,2026,15,Baku,0.0,103.672,0,street,1.1460000000000008,1.117765249790298,25,0,2.6666666666666665,0.6
Lewis Hamilton,Ferrari,6,6,Finished,2026,15,Baku,0.0,103.858,0,street,1.3320000000000078,1.299182646353128,36,1,10.666666666666666,0.0
Pierre Gasly,Alpine,7,18,Retired,2026,15,Baku,0.0,104.047,0,street,1.5210000000000008,1.48352612995728,49,1,9.666666666666666,0.0
Max Verstappen,Red Bull Racing,8,2,Finished,2026,15,Baku,0.0,103.706,1,street,1.1800000000000068,1.1509275695921102,64,1,9.0,0.8
Franco Colapinto,Alpine,9,17,Retired,2026,15,Baku,0.0,104.683,0,street,2.1570000000000107,2.103856582720491,81,1,10.0,0.0
Oliver Bearman,Haas F1 Team,10,9,Finished,2026,15,Baku,0.0,104.775,0,street,2.2490000000000094,2.19358991865479,100,1,17.333333333333332,0.0
Liam Lawson,Racing Bulls,11,12,Finished,2026,15,Baku,0.0,104.86,0,street,2.334000000000003,2.2764957181592993,121,1,9.0,0.0
Alexander Albon,Williams,12,20,Retired,2026,15,Baku,0.0,105.001,0,street,2.4750000000000085,2.4140218091020897,144,1,16.333333333333332,0.0
Esteban Ocon,Haas F1 Team,13,8,Finished,2026,15,Baku,0.0,105.016,0,street,2.490000000000009,2.4286522443087697,169,0,15.333333333333334,0.0
Carlos Sainz,Williams,14,10,Finished,2026,15,Baku,0.0,104.566,0,street,2.0400000000000063,1.9897391881083883,196,0,16.0,0.0
Arvid Lindblad,Racing Bulls,15,7,Finished,2026,15,Baku,0.0,105.106,0,street,2.5799999999999983,2.5164348555488347,225,0,9.666666666666666,0.0
Kimi Antonelli,Mercedes,16,5,Finished,2026,15,Baku,0.0,105.504,0,street,2.9780000000000086,2.9046290696994017,256,0,1.3333333333333333,1.0
Gabriel Bortoleto,Audi,17,15,Finished,2026,15,Baku,0.0,105.799,0,street,3.2730000000000103,3.192360962097429,289,0,12.333333333333334,0.0
Nico Hulkenberg,Audi,18,11,Finished,2026,15,Baku,0.0,105.92,0,street,3.3940000000000055,3.3103798060979712,324,0,10.0,0.0
Valtteri Bottas,Cadillac,19,16,Retired,2026,15,Baku,0.0,108.29,0,street,5.76400000000001,5.621988568753302,361,0,18.333333333333332,0.0
Sergio Perez,Cadillac,20,14,Finished,2026,15,Baku,0.0,106.658,0,street,4.132000000000005,4.030197218266591,400,0,17.666666666666668,0.0
Fernando Alonso,Aston Martin,21,21,Retired,2026,15,Baku,0.0,106.593,0,street,4.067000000000007,3.9667986657043164,441,0,15.666666666666666,0.0
Lance Stroll,Aston Martin,22,22,Retired,2026,15,Baku,0.0,107.337,0,street,4.811000000000007,4.692468251955609,484,0,20.333333333333332,0.0
Max Verstappen,Red Bull Racing,1,1,Finished,2026,16,Kuala Lumpur,1.0,95.13,1,,0.0,0.0,1,0,2.3333333333333335,0.8
Lewis Hamilton,Ferrari,2,3,Finished,2026,16,Kuala Lumpur,1.0,95.428,1,,0.2980000000000018,0.3132555450436264,4,0,11.333333333333334,0.0
Kimi Antonelli,Mercedes,3,2,Finished,2026,16,Kuala Lumpur,1.0,95.631,1,,0.5010000000000048,0.5266477451907966,9,0,2.3333333333333335,0.8
Charles Leclerc,Ferrari,4,4,Finished,2026,16,Kuala Lumpur,1.0,95.666,0,,0.5360000000000014,0.5634395038368563,16,0,10.0,0.0
Lando Norris,McLaren,5,9,Finished,2026,16,Kuala Lumpur,1.0,95.757,0,,0.6270000000000095,0.6590980763166294,25,0,8.666666666666666,0.6
Oscar Piastri,McLaren,6,6,Finished,2026,16,Kuala Lumpur,1.0,95.762,0,,0.632000000000005,0.6643540418374908,36,1,8.666666666666666,0.0
George Russell,Mercedes,7,20,Retired,2026,16,Kuala Lumpur,1.0,95.871,0,,0.7409999999999997,0.778934090192368,49,1,2.6666666666666665,0.6
Isack Hadjar,Red Bull Racing,8,5,Finished,2026,16,Kuala Lumpur,1.0,95.558,0,,0.4280000000000115,0.4499106485861573,64,1,5.0,0.2
Pierre Gasly,Alpine,9,16,Finished,2026,16,Kuala Lumpur,1.0,96.41,0,,1.2800000000000011,1.345527173341744,81,1,12.333333333333334,0.0
Gabriel Bortoleto,Audi,10,18,Finished,2026,16,Kuala Lumpur,1.0,96.814,0,,1.6839999999999975,1.770209187427728,100,1,13.0,0.0
Liam Lawson,Racing Bulls,11,7,Finished,2026,16,Kuala Lumpur,1.0,97.023,0,,1.8930000000000007,1.9899085461999377,121,1,10.666666666666666,0.0
Fernando Alonso,Aston Martin,12,8,Finished,2026,16,Kuala Lumpur,1.0,97.22,0,,2.0900000000000034,2.1969935877220683,144,1,19.666666666666668,0.0
Carlos Sainz,Williams,13,17,Finished,2026,16,Kuala Lumpur,1.0,97.527,0,,2.3970000000000056,2.519709870703254,169,0,14.0,0.0
Lance Stroll,Aston Martin,14,12,Finished,2026,16,Kuala Lumpur,1.0,97.566,0,,2.436000000000007,2.5607064017660117,196,0,21.0,0.0
Nico Hulkenberg,Audi,15,11,Finished,2026,16,Kuala Lumpur,1.0,97.97,0,,2.8400000000000034,2.985388415851996,225,0,11.0,0.0
Oliver Bearman,Haas F1 Team,16,14,Finished,2026,16,Kuala Lumpur,1.0,97.98,0,,2.8500000000000085,2.9959003468937335,256,0,13.333333333333334,0.0
Esteban Ocon,Haas F1 Team,17,15,Finished,2026,16,Kuala Lumpur,1.0,98.233,0,,3.1030000000000086,3.2618522022495626,289,0,11.666666666666666,0.0
Alexander Albon,Williams,18,21,Retired,2026,16,Kuala Lumpur,1.0,98.6,0,,3.469999999999999,3.64764007148113,324,0,17.333333333333332,0.0
Valtteri Bottas,Cadillac,19,22,Retired,2026,16,Kuala Lumpur,1.0,98.611,0,,3.4810000000000088,3.6592031956270463,361,0,17.666666666666668,0.0
Sergio Perez,Cadillac,20,19,Finished,2026,16,Kuala Lumpur,1.0,98.933,0,,3.8030000000000115,3.997687375170831,400,0,17.333333333333332,0.0
Franco Colapinto,Alpine,21,13,Finished,2026,16,Kuala Lumpur,1.0,97.179,0,,2.0490000000000066,2.153894670450969,441,0,11.0,0.0
Arvid Lindblad,Racing Bulls,22,10,Finished,2026,16,Kuala Lumpur,1.0,97.883,0,,2.753,2.8939346157889205,484,0,8.0,0.0
